time_s,x_m,y_m,speed_mps,yaw_rad,accel_command_mps2,steer_command_rad,speed_command_mps,cross_track_error_m,heading_error_rad,mpc_update_ms,mpc_iterations,solver_status,progress_m,lap_count
0.01,0.7,0.0,0.0,1.37079632679,8.0,0.19039790944485985,0.8,0.3692983251946318,0.2509290443238812,118.78080000000013,3,optimal,0.199947,0
0.10999999999999999,0.7028057820216174,0.014012585537702403,0.28888366911729985,1.3767445614910467,8.0,0.4188790204786391,1.0888836691172998,0.3649864143198576,0.24498080962283453,128.3991999999996,3,optimal,0.199947,0
0.21000000000000005,0.7078635361007221,0.05909363584321859,0.5973968804074414,1.4169221155958194,8.0,0.3692861925688278,1.3973968804074415,0.35864924386942765,0.2048032555180619,81.32790000000023,3,optimal,0.199947,0
0.3100000000000001,0.7017189702771588,0.13523552375265527,0.905910091697583,1.5038861132667145,8.0,0.4188790204786391,1.7059100916975831,0.36995106325245875,0.13372702570110162,73.07720000000018,3,optimal,0.3998941,0
0.4100000000000002,0.6831320505846815,0.24078528600453564,1.2144233029877245,1.6271387467497103,7.999999655629938,0.10471975511965981,2.0144232685507184,0.3714506722013767,0.010474392218105866,104.8817999999998,3,optimal,0.3998941,0
0.5100000000000002,0.6461858885184875,0.37384656152572726,1.5229365009975269,1.753245379877929,8.0,0.38920190289301726,2.322936500997527,0.3999648746747188,0.09978331926991757,68.32829999999967,3,optimal,0.5998411,0
0.6100000000000003,0.5959209684520702,0.5350192259939219,1.8314497122876685,1.8520705781090003,8.0,0.07504263753403795,2.6314497122876688,0.43958590484332905,0.18275292308568414,62.77139999999992,3,optimal,0.7997882,0
0.7100000000000004,0.5052973849466608,0.7129380824204496,2.1399629235778104,2.019173146856585,8.0,-0.23911662782494136,2.93996292357781,0.511991667213425,0.3339665086929724,64.12169999999983,3,optimal,0.9997352,0
0.8100000000000005,0.395413860770943,0.9156941718293696,2.4484761348679513,2.045242209779832,8.0,-0.19154580877888575,3.2484761348679516,0.5941000832016626,0.3441107243936852,93.93669999999955,3,optimal,1.1996823,0
0.9100000000000006,0.2984117042231652,1.1583316235736287,2.7569893461580923,1.9197449369284505,7.999999933400348,-0.4188790204786391,3.556989339498127,0.6550436913359329,0.20264529802894682,64.71650000000074,3,optimal,1.3996293,0
1.0100000000000007,0.23104997866371446,1.4423630077045357,3.065502554879875,1.7365843381298358,8.0,-0.10471975511965981,3.8655025548798747,0.6804524887588643,0.012592107258063923,61.45580000000007,3,optimal,1.7995234,0
1.1100000000000008,0.23193117302748326,1.7648844013297338,3.374015766170016,1.464417111758987,8.0,0.14784138291304807,4.174015766170016,0.6182828116591189,0.30087841716314134,61.39890000000037,3,optimal,1.9994704,0
1.2100000000000009,0.28228293004400196,2.115303397035091,3.682528977460157,1.392672344173297,8.0,0.0990628468401266,4.482528977460157,0.49251488722701897,0.40503990336221296,93.27499999999976,3,optimal,2.3993645,0
1.310000000000001,0.3281748520638535,2.497409120250194,3.991042188750298,1.4910917390412775,8.0,0.24392168075712672,4.791042188750298,0.35693353066455635,0.33930627016159054,61.31660000000006,3,optimal,2.7992586,0
1.410000000000001,0.34219261177514454,2.9126724653584364,4.299555400040441,1.625173529477554,7.216997085377762,0.38093569615984696,5.021255108578217,0.23080968106363464,0.23821501668196987,62.69280000000066,3,optimal,3.1991527,0
1.5100000000000011,0.2825239839442702,3.352710888978925,4.577872768375626,1.8856773938829865,6.591244729933283,0.06677643080086765,5.236997241368955,0.1552837443843695,0.011042992605173385,94.39939999999947,3,optimal,3.5990468,0
1.6100000000000012,0.09838985032516788,3.785116229502026,4.832058528129494,2.229912780469766,6.091742728553906,-0.24704516623976963,5.441232800984885,0.20257652922560246,0.2824773563898244,61.275500000000704,3,optimal,4.1988879,0
1.7100000000000013,-0.18732730909991668,4.190008569390322,5.066981417071935,2.308745841984673,5.304486071896805,-0.27944389324627356,5.597430024261616,0.2890698236642924,0.32696396730334865,60.95770000000034,3,optimal,4.598782,0
1.8100000000000014,-0.48727069590589195,4.611672070091672,5.271544421107525,2.0655919775538094,4.661386143785116,-0.030620977818575344,5.737683035486037,0.39200565146743077,0.03138793639259285,60.900000000000176,3,optimal,5.1986231,0
1.9100000000000015,-0.7180446629623733,5.095387794497786,5.45130682214284,1.7838853959671663,3.770449891503195,0.1529809753943462,5.828351811293159,0.37234647179396896,0.28593356333872366,92.38480000000138,3,optimal,5.5985172,0
2.010000000000001,-0.878863626712824,5.624292463506761,5.596711022647367,1.7771466643110552,3.318418133107933,0.239818408597242,5.92855283595816,0.23747512144331467,0.3472140853556098,66.94390000000095,3,optimal,6.1983584,0
2.109999999999999,-1.0481473349437336,6.164739510815059,5.724683001978438,2.0042112029696812,2.9171714947051535,0.17185639223967206,6.016400151448953,0.082520101096269,0.17619574598375376,64.19459999999955,3,optimal,6.7981995,0
2.209999999999997,-1.3040984546729268,6.682598726764847,5.83718124519288,2.274218019150142,2.537828381691106,0.05019301511656535,6.090964083361991,0.053019795842824305,0.03626136169832739,42.05700000000068,2,optimal,7.3980406,0
2.3099999999999947,-1.6605236934213723,7.150620455919579,5.935050443160229,2.4323589779457153,2.2134905261207773,-0.022614019878935715,6.156399495772306,0.07670952851925977,0.13700896464337253,92.71379999999851,3,optimal,7.9978818,0
2.4099999999999926,-2.0806853923620636,7.576067698724257,6.0204118269569555,2.440786646856156,1.9504751199814785,-0.004326682187913282,6.215459338955103,0.07100032787334562,0.0907695382336855,40.39940000000097,2,optimal,8.5977229,0
2.5099999999999905,-2.5262479463646326,7.986943789394339,6.0956302448078326,2.413335503913083,1.7570195020809647,0.04060695822061232,6.271332195015929,0.06191853702834029,0.011785420104379885,42.024900000000365,2,optimal,9.197564,0
2.6099999999999883,-2.984446481797279,8.394473919116917,6.163388210918632,2.440600713636472,1.614837197279098,0.054729593992310685,6.324871930646542,0.050180940340828366,0.00952730384154199,60.55790000000005,3,optimal,9.7974051,0
2.709999999999986,-3.4596786782355977,8.7921366516652,6.225663037099051,2.4991963644484096,1.5085466083447208,0.04855937378514488,6.376517697933523,0.04154251132425098,0.0032876582765699602,99.21370000000084,3,optimal,10.3972463,0
2.809999999999984,-3.9572453814614352,9.171418138061968,6.283838856914211,2.5584317891939765,1.4298005108872782,0.040289070897082356,6.4268189080029385,0.04574252095329205,0.019411276246247944,43.128399999998734,2,optimal,10.9970874,0
2.909999999999982,-4.478798282943038,9.527088271102555,6.338977900303976,2.6159622016080477,1.3690443008984379,0.0298083911925971,6.47588233039382,0.06088501574880102,0.036406447479921944,45.53529999999917,2,optimal,11.5969285,0
3.00999999999998,-5.023769146717622,9.856255721377325,6.391773932012557,2.672952322552495,1.3190632665003603,0.014627718251001173,6.523680258662592,0.08227104269842242,0.05537381129837371,44.8991000000003,2,optimal,12.1967697,0
3.1099999999999777,-5.589593786801154,10.159313542810754,6.442642487542917,2.7092054985836516,1.2773553317664286,0.008422789205084205,6.57037802071956,0.11109666199113093,0.05606720171968638,45.29260000000068,2,optimal,12.7966108,0
3.2099999999999755,-6.170419840755808,10.444137923924956,6.491902611963148,2.720309122564674,1.8182472522656512,0.02617635290530665,6.673727337189713,0.07297610687555156,0.023524511990050012,44.93469999999977,2,optimal,13.596399,0
3.3099999999999734,-6.7630042755473205,10.718384270387608,6.562021774302641,2.730940706297818,1.8840150014414003,0.03843020429250982,6.750423274446781,0.04780210484852947,0.0042093224338661805,98.02409999999995,3,optimal,14.1962401,0
3.4099999999999713,-7.367513453990936,10.9835422421632,6.6346772140793275,2.7643400089364496,1.809452892484191,0.03692468106580705,6.815622503327747,0.07805546350771177,0.010027655968817939,65.11559999999949,3,optimal,14.7960812,0
3.509999999999969,-7.987284337910654,11.230571272131648,6.7044572293966445,2.824301520610784,2.2797269345857414,0.015514864690389141,6.932429922855219,0.10180180017803028,0.036867950216723955,43.081100000000205,2,optimal,15.5958694,0
3.609999999999967,-8.624645472162596,11.453276973632995,6.792372964078355,2.8625214454795054,2.2455106428773868,0.0015996416232458126,7.016924028366094,0.05694414277903059,0.052973334888076984,44.92859999999954,2,optimal,16.1957105,0
3.709999999999965,-9.27739579990172,11.65730575885922,6.878969176505892,2.8726133973834984,2.063488216247206,0.002112562109842092,7.085317998130613,0.08815021809246291,0.043278883879627195,76.91789999999976,2,optimal,16.7955517,0
3.8099999999999627,-9.942297503733787,11.849729910548545,6.958545848512617,2.882684191031512,2.4240692229869314,0.0029883520463547075,7.20095277081131,0.04534797808628713,0.030583138421794942,44.17030000000022,2,optimal,17.5953399,0
3.9099999999999606,-10.61847272308442,12.034239936585251,7.05202802105928,2.89509172469314,2.265290837566431,-0.0004591681074026069,7.278557104815922,0.07141657186180363,0.02861177620873967,41.86270000000025,2,optimal,18.195181,0
4.009999999999959,-11.305839260841012,12.211741364134816,7.139387039909749,2.908661435396616,2.5216005115047526,-0.004793465151443036,7.391547091060224,0.02471885666556499,0.026387285854623688,46.38340000000074,2,optimal,18.9949692,0
4.109999999999957,-12.004541671841102,12.382157430490814,7.236630423834148,2.922446131598597,2.2350902463221196,-0.012770460845975653,7.46013944846636,0.09726022668419106,0.03075321523862673,43.93080000000005,2,optimal,19.5948103,0
4.209999999999955,-12.713926222727224,12.547140148593302,7.322824782511162,2.9194409280583526,2.2373581372765408,-0.0111837227829118,7.546560596238816,0.02780102119789227,0.018413948182010476,44.8366999999994,2,optimal,20.3945985,0
4.3099999999999525,-13.431057335571131,12.716845477049155,7.409106600478326,2.8859624720615473,2.1619616728166284,0.007611925738444337,7.625302767759989,0.039704518092171265,0.02071356972825278,74.68819999999977,2,optimal,21.1943866,0
4.40999999999995,-14.153685940621314,12.899709325416,7.492480817774185,2.8691788644541174,2.040535385523704,0.016860509856847474,7.696534356326556,0.0915663799583502,0.039458534640198106,45.21059999999988,2,optimal,21.9941748,0
4.509999999999948,-14.882581361555147,13.090680164275746,7.571172333341572,2.886954927591787,1.4646355513893226,0.011822836865610486,7.717635888480504,0.06344487472521868,0.020730550231267575,43.1203,2,optimal,22.594016,0
4.609999999999946,-15.618719420538303,13.28028825186905,7.627654760507675,2.9071273465552845,1.268552756649807,-0.0036121334048031632,7.754510036172656,0.03413147021968243,0.003945412502644352,42.54990000000003,2,optimal,23.3938041,0
4.709999999999944,-16.36213900455058,13.462404977556503,7.6765754210883,2.9245501407775203,1.174447794522231,-0.023021003367579725,7.794020200540523,0.027035385136336253,0.029574707952026102,43.410800000000194,2,optimal,24.1935923,0
4.809999999999942,-17.11223767774082,13.636787316283998,7.721867003660884,2.922823671708623,1.1006056864846703,-0.037626481013938964,7.83192757230935,0.04203647935955254,0.039764421922511506,109.06479999999962,3,optimal,24.9933805,0
4.90999999999994,-17.86553451266398,13.816612257189735,7.764310927998582,2.86520228544526,1.019977164638919,-0.021254283136273207,7.866308644462474,0.06957358012696713,0.002220395780700102,49.9698000000004,2,optimal,25.7931687,0
5.009999999999938,-18.61632090095176,14.022487482483202,7.803645481811753,2.798172110018218,0.9238132768878847,0.0010527885956605786,7.896026809500541,0.0935379452453451,0.04988083901125506,47.41329999999966,2,optimal,26.5929568,0
5.1099999999999355,-19.36190876814501,14.259169195010617,7.839271556897397,2.7815977719497766,0.417847771220757,0.004811412617328195,7.881056334019473,0.09581455848344395,0.04946810349581954,44.76179999999985,2,optimal,27.192798,0
5.209999999999933,-20.104652881930413,14.51261049830394,7.855385501613616,2.80437288090484,0.2893109667963375,-0.028468458193245217,7.88431659829325,0.08019186057820997,0.0007459103713238768,44.942999999999955,2,optimal,27.9925861,0
5.309999999999931,-20.8478082111205,14.769004060369673,7.866542533542089,2.8106720325356247,0.2784069327746186,-0.060186569828731815,7.89438322681955,0.07343882780301714,0.035293764076465006,98.42929999999939,3,optimal,28.7923743,0
5.409999999999929,-21.589376774641043,15.033173446457294,7.8772790606515555,2.7552902484595365,0.2920039942801721,-0.05996206223888868,7.906479460079573,0.08637602718279369,0.01348200134354327,66.16119999999981,3,optimal,29.5921625,0
5.509999999999927,-22.32139325435174,15.325547773998085,7.888539946899671,2.6633340999981825,0.30415505017794375,-0.03736165724237061,7.918955451917466,0.10855373812425867,0.041031025934818555,67.27089999999959,3,optimal,30.3919507,0
5.609999999999925,-23.03514124829675,15.662631096776709,7.900269428307235,2.5837031769034735,0.31392043343558634,-0.017116587453579447,7.931661471650793,0.11881888157554578,0.07931524208105056,46.02180000000011,2,optimal,31.1917388,0
5.709999999999923,-23.72663484448027,16.045808481538288,7.912375503433336,2.536381408678113,0.31577734092091575,-0.009634093253666308,7.943953237525427,0.1136241994992696,0.08321201346750229,82.70080000000047,2,optimal,31.991527,0
5.809999999999921,-24.397758162760145,16.46601983260298,7.924553188620858,2.508302265146559,0.3061203063589213,-0.008371911815225385,7.955165219256751,0.10033978341065006,0.0717179472441396,47.04769999999936,2,optimal,32.7913152,0
5.909999999999918,-25.051841577644733,16.914459562110963,7.936358458465347,2.4802025540165245,0.2860336128205724,-0.003016851445301386,7.964961819747404,0.08437901813901426,0.0655770385803538,45.5123999999989,2,optimal,33.5911034,0
6.009999999999916,-25.691934252531052,17.384621960672224,7.94738910201887,2.467548620682464,0.2609240521503667,-0.003559738219805589,7.973481507233907,0.06900575294849681,0.049280048621960226,52.52819999999936,2,optimal,34.3908915,0
6.109999999999914,-26.32546674870372,17.865358905511876,7.957451416672838,2.4884644303022725,0.23170347624822182,-0.023491069823355578,7.980621764297661,0.06263914463641308,0.0046690218035689846,67.18909999999934,2,optimal,35.1906797,0
6.209999999999912,-26.95914514427566,18.34746893057137,7.9663868646133915,2.4936815575767444,0.20112241134821085,-0.03569635697176427,7.986499105748212,0.06979724958734596,0.01900824209993468,106.18719999999904,3,optimal,35.9904679,0
6.30999999999991,-27.590698732804213,18.833712955903938,7.974142979736824,2.4602717343936553,0.17077701428929865,-0.023207491867193616,7.991220681165753,0.08347205256797795,0.0011624635548499462,55.775999999999826,2,optimal,36.7902561,0
6.409999999999908,-28.213703973242183,19.331979832993067,7.980728850373441,2.421585725679538,0.13685878330865187,-0.0027499544924968022,7.994414728704307,0.09147971381805212,0.031822000670425066,86.79600000000053,2,optimal_inaccurate,37.5900442,0
6.509999999999906,-28.824382950323606,19.846198772344156,7.986006693214917,2.40329296952745,0.10665659378854635,0.012962900747846654,7.996672352593772,0.08552854552792445,0.04729274268652128,61.52679999999933,2,optimal,38.3898324,0
6.6099999999999035,-29.427900913536728,20.369535503086816,7.990119814246789,2.422378953041851,0.08237274924545332,0.012493060286736265,7.998357089171335,0.07086028717341071,0.030593603797576474,71.20829999999944,2,optimal,39.1896206,0
6.709999999999901,-30.032225170761976,20.892491893286675,7.9932964494208525,2.445470259236556,0.06308692395102691,0.01345582368839113,7.999605141815955,0.0567684973106709,0.01534468599778016,66.45569999999879,2,optimal,39.9894088,0
6.809999999999899,-30.64264655070831,21.40874078686036,7.995729343108172,2.4656196672366053,0.04180124498597658,0.019416687455159568,7.99990946760677,0.048913619698630284,0.008711950610400088,97.44810000000115,2,optimal,40.7891969,0
6.909999999999897,-31.26115215172122,21.91558658491815,7.99734137264899,2.483563793463081,0.026720158504036504,0.03033751129135652,8.0,0.049912582950368364,0.009981169370194554,65.49310000000119,2,optimal,41.5889851,0
7.009999999999895,-31.88989872273446,22.409853811780515,7.998366649726096,2.523486035707439,0.016983063810605128,0.03199065330432447,8.0,0.06048651203394083,0.005016245917633277,61.56670000000197,2,optimal,42.3887733,0
7.109999999999893,-32.53607407249075,22.881173406205875,7.998996537398802,2.5951866126624217,0.010847415795106712,0.01618009420214847,8.0,0.07192649792480049,0.0460548021436078,59.822900000000345,2,optimal,43.1885615,0
7.209999999999891,-33.204536676104254,23.32038555093534,7.999383514235684,2.645796973975494,0.007302785798063967,0.012922570209080378,8.0,0.07558681663127854,0.060224211589079424,52.13069999999931,2,optimal,43.9883496,0
7.309999999999889,-33.891375004734726,23.730388690943396,7.999621256739263,2.661150947782311,0.004133705958767374,0.033775436514018466,8.0,0.0770240878836232,0.03329637809330244,92.0601000000012,2,optimal,44.7881378,0
7.4099999999998865,-34.59179041104621,24.11678570719517,7.999767315863794,2.695447083532192,0.0027153087846849954,0.050734322242584895,8.0,0.08495799352198816,0.019377395189022373,97.71210000000075,3,optimal,45.587926,0
7.509999999999884,-35.30734038541609,24.474332654074033,7.9998570485263905,2.7641858570394278,0.001927911548012594,0.05274860353794842,8.0,0.09992865866935356,0.033838720688849744,92.90290000000034,3,optimal,46.3877142,0
7.609999999999882,-36.04096892213636,24.793055307837413,7.999912176549117,2.836678070565449,0.0022581345133339684,0.05717305958064589,8.0,0.11829130321322456,0.045816800319154805,71.95559999999901,3,optimal,47.1875023,0
7.70999999999988,-36.79302514556645,25.065406524576666,7.99994604491769,2.9067664069762977,-0.02110136399009581,0.0671245061559329,7.99783590851868,0.1381447251014438,0.048915400380222795,100.48519999999961,3,optimal,47.9872905,0
7.809999999999878,-37.56183985181965,25.28543450395037,7.998091819105855,2.99334237428919,-0.11966141079845014,0.07080855103439383,7.98612567802601,0.159502354517031,0.06171583885660592,65.83380000000183,3,optimal,48.7870787,0
7.909999999999876,-38.34567618186666,25.439415494628385,7.987576893308297,3.1163087584347546,-0.32628149861241573,0.05063534489338541,7.954948743447056,0.17608553456458456,0.10369456426259349,66.32680000000057,3,optimal,49.5868669,0
8.009999999999874,-39.138691469293875,25.513987545514354,7.958905781007907,3.2284468761944884,-1.0375315221774515,0.021096098056708756,7.855152628790162,0.1712665965904917,0.15058433403275195,49.141900000000405,2,optimal,50.186708,0
8.109999999999872,-39.92830102376215,25.512524171518695,7.867735478940362,3.29011579833821,-1.3030262235749843,0.028470804241818037,7.737432856582863,0.15116289768406832,0.12574803599595885,81.78410000000014,2,optimal,50.9864962,0
8.20999999999987,-40.70486393708248,25.450737921990743,7.75323554147731,3.3396489137755503,-1.3628351810885215,0.04339154169706436,7.616952023368458,0.1326660618466086,0.09272370377718442,41.12229999999961,2,optimal,51.7862843,0
8.309999999999867,-41.46330875157797,25.33502624577008,7.6334800521526525,3.4199814303556093,-1.3310487285783212,0.038822273866925515,7.500375179294821,0.12387864790036203,0.09407036889375098,42.13329999999793,2,optimal,52.5860725,0
8.409999999999865,-42.19917148801376,25.164335942580237,7.516517712158946,3.5065471326114275,-1.2552688440818967,0.028532724178807374,7.390990827750756,0.1310343078932917,0.10469474658430977,41.560300000002215,2,optimal,53.3858607,0
8.509999999999863,-42.90780581261301,24.937262277667116,7.406214326435548,3.59202135386303,-1.5446575839709102,0.003898308052788131,7.251748568038457,0.12909956039412446,0.13493036195394703,41.5916999999979,2,optimal,53.9857018,0
8.60999999999986,-43.58405572238536,24.658470341156765,7.270481680716988,3.6559246298382178,-1.4528902998897428,0.008648699577361802,7.125192650728014,0.07581103323725003,0.12659765258423628,41.786700000001176,2,optimal,54.78549,0
8.709999999999859,-44.22880067055501,24.34138809215429,7.142812839163181,3.6844713853585755,-1.2471709244323517,0.046876525727274396,7.018095746719946,0.09597633239288106,0.07519254457568758,72.16509999999943,2,optimal,55.5852782,0
8.809999999999857,-44.846142286943525,23.996917847787863,7.03322103642766,3.7274069682519912,-1.3763989196452282,0.07027149416925511,6.895581144463137,0.04882360781411188,0.046957906834712126,65.13529999999967,3,optimal,56.1851193,0
8.909999999999854,-45.432439197067005,23.623404126326832,6.912273669926313,3.8211858539500563,-1.1675050725246219,0.10030188804817487,6.7955231626738515,0.1047459380298337,0.031763397101905344,64.43400000000032,3,optimal,56.9849075,0
9.009999999999852,-45.97411515980695,23.205625450508645,6.809682290433503,3.9767367656713524,-1.2507501689713334,0.07442801723332813,6.684607273536369,0.07788550079449164,0.09446385178083005,71.75539999999891,3,optimal,57.5847486,0
9.10999999999985,-46.450104002801815,22.729648874702377,6.699775971176009,4.146586632042745,-1.3569570770528592,0.038104199067916115,6.564080263470723,0.10012277214416518,0.1610958417827999,77.86500000000096,2,optimal,58.1845898,0
9.209999999999848,-46.847406597662754,22.200668368080038,6.580537004490964,4.271816625612201,-1.0412534759347754,0.07239941980163371,6.476411656897486,0.12142365696495831,0.13061642862635914,64.8515000000014,3,optimal,58.9843779,0
9.309999999999846,-47.168683764751506,21.633806195376376,6.489039645711325,4.368741811140926,-0.989199173691593,0.10024615286092861,6.390119728342166,0.08903618267673566,0.09508116664138999,65.33620000000262,3,optimal,59.5842191,0
9.409999999999844,-47.412878879157674,21.039339283618222,6.4021164192428355,4.5116208195530065,-0.9942885662540905,0.1024574024088824,6.302687562617426,0.08415882575589591,0.09002909832251849,65.76570000000004,3,optimal,60.1840602,0
9.509999999999842,-47.56725468804754,20.4246350330956,6.314745976041798,4.687486036133744,-0.9866081110507332,0.07489942238442004,6.216085164936724,0.10138946246957593,0.10999142046357235,76.5305999999999,2,optimal,60.7839013,0
9.60999999999984,-47.62223500161117,19.80196094162862,6.2280504322591765,4.843395417097637,-0.9311173592800603,0.045175290985024825,6.1349386963311705,0.11771793580043469,0.12767612632244685,43.343099999999524,2,optimal,61.3837425,0
9.709999999999837,-47.5858311079786,19.18610319834262,6.146230989580713,4.950072751358073,-0.8218311625752803,0.034802806911496,6.064047873323185,0.12251044845600814,0.11669368750802533,43.68239999999979,2,optimal,61.9835836,0
9.809999999999835,-47.47921708145066,18.585922477252623,6.074014778565493,5.018715356175178,-0.66044569922153,0.041824291905713996,6.00797020864334,0.12135989896030626,0.08648266443376595,43.704300000001695,2,optimal,62.5834247,0
9.909999999999833,-47.32051963371256,18.00377191621571,6.015979882651324,5.081490641406403,-0.39090731263150547,0.04702341841286958,5.976889151388174,0.11919548793903877,0.0682438656482871,42.56179999999965,2,optimal,63.1832658,0
10.009999999999831,-47.12011007836189,17.439079951999357,5.981629950132425,5.14264569109665,0.034088784338837455,0.0408519471903973,5.985038828566309,0.1152673824121902,0.06558821551342753,79.28609999999914,2,optimal,63.783107,0
10.109999999999829,-46.882801299320505,16.89003910918419,5.982944555173095,5.201288455636865,0.5055608829159322,0.013386587592381476,6.033500643464688,0.10457206063038095,0.07718898324276235,46.25759999999879,2,optimal,64.3829481,0
10.209999999999827,-46.61377554544167,16.354524612790897,6.002441081609479,5.238038765160061,0.9538148394671864,-0.022701435009551234,6.097822565556198,0.082780017069077,0.08338351207534878,45.088899999999654,2,optimal,64.9827892,0
10.309999999999825,-46.32495043941988,15.826082600608464,6.039224141497006,5.2332331812648825,1.2926143431157553,-0.048530323082610995,6.168485575808582,0.05346663677187686,0.06432522077369196,67.05990000000028,3,optimal,65.5826304,0
10.409999999999823,-46.0344009608321,15.29359179205451,6.089072716741299,5.1800407679397455,1.4628827470729382,-0.05417398761301375,6.235360991448593,0.0270897906991819,0.013058264745060555,61.638099999999696,3,optimal,66.1824715,0
10.50999999999982,-45.7616635940535,14.745850908875038,6.145487548496351,5.103869175826495,1.0816268349553557,-0.03681534811866737,6.2536502319918865,0.018094856432744444,0.045090141221706403,93.33170000000202,3,optimal,66.7823126,0
10.609999999999818,-45.517202626773816,14.17963775623955,6.187199569530059,5.04985624945888,0.2941553537357954,-0.026023129047097512,6.216615104903639,0.03419243382083612,0.06499292377423593,44.0681000000005,2,optimal,67.3821538,0
10.709999999999816,-45.2985729559616,13.600224494211137,6.198543421129961,5.021183802162287,-0.3827286732298857,-0.03882630135647668,6.160270553806972,0.05611877740756543,0.04334604217090465,43.99609999999754,2,optimal,67.9819949,0
10.809999999999814,-45.10476052928146,13.013855512246252,6.164912164630834,4.9701443689330285,-0.7899972258242696,-0.05796783645758418,6.085912442048406,0.07153474016839105,0.027531831708532017,43.318199999998086,2,optimal,68.581836,0
10.909999999999812,-44.94492479083819,12.423312696220636,6.095493275496974,4.8883339106336265,-0.9397293370733693,-0.08295627869267655,6.001520341789637,0.0792610587723376,0.025381533187973204,43.71260000000099,2,optimal,69.1816772,0
11.00999999999981,-44.830585869097014,11.830350803600187,6.012917078348856,4.7851087275449755,-0.9424055069568934,-0.11388207258627636,5.918676527653167,0.08359530004175265,0.026603631800003136,76.80569999999953,2,optimal,69.7815183,0
11.109999999999808,-44.779731185564756,11.237112355057558,5.930105719943996,4.630468335655995,-0.8697985389795877,-0.12280196120560931,5.843125866046037,0.09039925763307123,0.0599554408747176,65.4596000000005,3,optimal,70.3813594,0
11.209999999999805,-44.812936523015786,10.650710560956089,5.853674504273313,4.448053643893988,-0.7561800068784581,-0.11757269661806491,5.778056503585467,0.09691136682379528,0.10016927866874514,44.01840000000057,2,optimal,70.9812006,0
11.309999999999803,-44.94114195052377,10.084811730691095,5.787227212628755,4.267952493281344,-0.6145661085584803,-0.11273724421980932,5.725770601772907,0.10211446316485763,0.11423348053745119,43.36390000000101,2,optimal,71.5810417,0
11.409999999999801,-45.163800758498816,9.555323359593213,5.733223862793019,4.093735052186362,-0.45843908636852526,-0.09903186385646785,5.6873799541561665,0.117321609345401,0.102905317427604,44.3022000000024,2,optimal,72.1808828,0
11.509999999999799,-45.470784837410136,9.074998653116884,5.692939756632976,3.945590494499727,-0.2802887611909039,-0.08369049883286934,5.664910880513886,0.1465946329576511,0.08485369448351632,77.4001000000002,2,optimal,72.780724,0
11.609999999999797,-45.844205948254945,8.648063325073853,5.6683101328792,3.826566919993303,-0.5734983055423839,-0.055432721124997385,5.610960302324962,0.15204874241186575,0.11209760382646605,44.36619999999891,2,optimal,73.180618,0
11.709999999999795,-46.266506704661104,8.275464821921476,5.6179155061773605,3.72267389554877,-0.345545349154761,-0.04099212557188192,5.583360971261884,0.13039017732553676,0.10560365120334048,44.15309999999906,2,optimal,73.7804592,0
11.809999999999793,-46.7226808423861,7.951392326897681,5.587551634635068,3.647793807259828,0.21820795769668133,-0.02130568215407119,5.609372430404736,0.11525257789173991,0.10152592480994516,44.70809999999936,2,optimal,74.3803003,0
11.90999999999979,-47.2035858642461,7.666206565087142,5.5959666393548275,3.5990280128215044,0.9289567396889462,0.02668294836411121,5.688862313323722,0.10979175990751092,0.10229398779379295,43.944299999999714,2,optimal,74.9801414,0
12.009999999999788,-47.700167706240755,7.404093829279436,5.6317910677187095,3.5966899407713533,1.004177714925453,0.04701375469238462,5.732208839211255,0.10318176431489176,0.08990782915314499,100.37299999999938,3,optimal,75.3800355,0
12.109999999999786,-48.20149684014257,7.142957034122263,5.6705163291609155,3.6448517403548775,1.5192128086000034,0.09211149163863602,5.822437610020916,0.056517799754708636,0.045793403677807376,62.704400000001215,3,optimal,75.9798767,0
12.209999999999784,-48.697386394567005,6.861649729873862,5.729103481937704,3.732468511738592,1.7612849700141606,0.10334864094781818,5.9052319789391206,0.029033727291602692,0.0061506559423536444,62.35669999999871,3,optimal,76.5797178,0
12.309999999999782,-49.173013026980435,6.536186264957459,5.797025942199721,3.8713472359484724,1.5724366210303402,0.06575684285907088,5.9542696043027545,0.024904124754512032,0.07848904250737876,65.53000000000253,3,optimal,77.1795589,0
12.40999999999978,-49.614576433033534,6.156011142413918,5.8576656261377575,3.9916358965535395,1.2113221065770179,0.034298182200947505,5.97879783679546,0.02379414391150326,0.11018666889582729,73.20349999999998,2,optimal,77.7794,0
12.509999999999778,-50.017658713567634,5.727806713600041,5.904379235263609,4.071523999753189,0.8471123406931933,0.02571702657780025,5.989090469332928,0.031632085552396896,0.09478137291248645,41.4955999999993,2,optimal,78.3792412,0
12.609999999999776,-50.38912100631724,5.26670003166796,5.937047403832454,4.104480648194073,0.5406310827001115,0.050176978929465064,5.991110512102465,0.04058379654733997,0.03624260881776209,44.53099999999921,2,optimal,78.9790823,0
12.709999999999773,-50.73925993736475,4.7859025168896885,5.95789638276334,4.1348104486055,0.31276577203906686,0.08303668300843323,5.989172959967247,0.04242574893463884,0.01810471186075535,65.69540000000096,3,optimal,79.5789234,0
12.809999999999771,-51.06615206811037,4.287126242460873,5.969957929352517,4.208018352063505,0.19161688338334537,0.09226486895639478,5.989119617690851,0.05750893549106404,0.023487528539413383,100.24959999999972,3,optimal,80.1787646,0
12.90999999999977,-51.35462083068255,3.764256838263235,5.977347471856267,4.333401736844724,0.17773780968081446,0.06273329049884642,5.995121252824348,0.0844297285675459,0.02860688014029389,64.41609999999898,3,optimal,80.7786057,0
13.009999999999767,-51.58583420447153,3.2129908425663487,5.984201779660306,4.464178910155884,0.24394255236449328,0.017250354918825456,6.008596034896755,0.09689916990925838,0.09069784556751248,43.350500000000736,2,optimal,81.3784468,0
13.109999999999765,-51.757194534717215,2.639317222961449,5.993609217185342,4.539281480600846,0.36409853461942054,-0.0009317077511604908,6.030019070647284,0.09077469449153469,0.10121367698243855,43.28689999999824,2,optimal,81.978288,0
13.209999999999763,-51.887915086820904,2.0536766993353117,6.007650368203026,4.551762073942602,0.5154798578130624,0.022637389150510213,6.059198353984333,0.08212900634026239,0.052894575623246176,44.64220000000019,2,optimal,82.5781291,0
13.30999999999976,-51.996829223696736,1.4617929824257576,6.027529411489188,4.560376743964783,0.6844036940751469,0.05345279638151499,6.095969780896703,0.07957423250521505,0.0043329673397263235,77.39559999999912,2,optimal,83.1779702,0
13.409999999999759,-52.09094352759229,0.8650135440187682,6.053922859173934,4.5929049864833065,0.8592933530049559,0.07213436599355884,6.13985219447443,0.0846401948646002,0.016805818764559888,65.32589999999772,3,optimal,83.7778114,0
13.509999999999756,-52.16136952746676,0.262006294667868,6.087060778145913,4.668028538368342,1.0227044890334185,0.060677026727687274,6.189331227049255,0.09519943966108745,0.008057110407754031,65.94359999999888,3,optimal,84.3776525,0
13.609999999999754,-52.190792831439474,-0.34795766913661863,6.126500508909982,4.77166719389649,1.1670131365902803,0.02146513168248555,6.243201822569009,0.09755046379750476,0.064754846613849,45.365199999999106,2,optimal,84.9774936,0
13.709999999999752,-52.170069030168854,-0.9625486246356714,6.171505380208387,4.8450993165503125,1.2956562288929474,-0.00813317561848138,6.301071003097682,0.08028296429953036,0.0944937642621495,44.12500000000108,2,optimal,85.5773348,0
13.80999999999975,-52.11468494536542,-1.5798875744662977,6.221471263196368,4.840622307970247,1.4088828764777344,0.011776045927086134,6.3623595508441415,0.053527876388950874,0.0495153824473471,73.36990000000121,2,optimal,86.1771759,0
13.909999999999748,-52.04830664456643,-2.201433116931739,6.275803635765598,4.820537115412559,1.5110876606307488,0.047966053805937596,6.426912401828673,0.03966075501082729,0.00792097979691686,60.7231999999982,3,optimal,86.777017,0
14.009999999999746,-51.97546660509823,-2.827931607631077,6.334077449105861,4.852001457755154,1.5929522759275727,0.053942080910839886,6.493372676698618,0.05657750866783374,0.010685409966161963,68.84239999999942,3,optimal,87.3768581,0
14.109999999999744,-51.88395635971117,-3.45800604887484,6.395508301865655,4.912799765834901,1.6501706332467068,0.03815613625375987,6.560525365190325,0.0890393122190469,0.01898478705538853,65.45189999999934,3,optimal,87.9766993,0
14.209999999999742,-51.76263807312875,-4.089373824701289,6.459145732020609,4.972866310542532,2.2781000514332184,0.016582440133795347,6.686955737163931,0.12327453941757818,0.042343513836375024,74.27599999999934,2,optimal,88.7764875,0
14.30999999999974,-51.608812737876995,-4.721538734826203,6.546998727334096,5.008386061691992,2.3689998600253226,0.004663885979471746,6.783898713336629,0.082509641020781,0.05391964511766112,42.17530000000025,2,optimal,89.3763286,0
14.409999999999737,-51.43104662210381,-5.3567476732148815,6.638357196629384,5.017588820675071,2.273977554088412,0.006864546955516529,6.865754952038225,0.05193560349679897,0.04225324612953152,44.46499999999887,2,optimal,89.9761697,0
14.509999999999735,-51.23746832789413,-5.996673449825675,6.7260512113310735,5.027496841434462,2.091265076374831,0.008816782998944792,6.935177718968557,0.08432863490660147,0.034379424192528596,42.23490000000041,2,optimal,90.5760109,0
14.609999999999733,-51.031804370131134,-6.641631150502908,6.806699074377489,5.040129754626049,2.392628450878813,0.019352894590681756,7.045961919465371,0.054600307081268964,0.027316700556673013,42.910699999998414,2,optimal,91.375799,0
14.70999999999973,-50.814655986528436,-7.291984352711241,6.898968760228086,5.053684856911174,2.1193823551468305,0.030068846624608028,7.110906995742769,0.04074055286950891,0.02340013739533031,78.24220000000004,2,optimal,91.9756402,0
14.809999999999729,-50.58335732205536,-7.9466160057797115,6.980700942270337,5.088643471534121,2.038091126621188,0.046687571898707134,7.184510054932455,0.06961253440038909,0.024738459791373124,65.21999999999828,3,optimal,92.7754283,0
14.909999999999727,-50.32758774770986,-8.60064788696769,7.059298197067317,5.150042584047375,1.41993225752672,0.03187993575729592,7.201291422819989,0.03424026599192304,0.053628909808987046,43.479299999999554,2,optimal,93.3752695,0
15.009999999999724,-50.03859264315056,-9.247863803398078,7.1140566796403215,5.212606093177608,1.0244773924727741,0.02863180037061056,7.216504418887599,0.05763282024696506,0.06323806776896568,43.56940000000087,2,optimal,94.1750576,0
15.109999999999722,-49.71242488688886,-9.882382901723485,7.153564780921062,5.274424089033563,0.28414853101103005,0.019962433329300137,7.1819796340221655,0.05749537205462151,0.07808767479789935,45.73409999999889,2,optimal,94.7748988,0
15.20999999999972,-49.35096549208327,-10.500306888941608,7.16452272789426,5.3157999961891065,-0.08550180176728264,0.04464624601048063,7.155972547717532,0.03202692614652488,0.04699177408266486,77.99819999999791,2,optimal,95.5746869,0
15.309999999999718,-48.96209843537334,-11.101377427513766,7.157009486197196,5.352075531756881,-0.6568466141613489,0.06552224308681785,7.0913248247810605,0.09070058252993676,0.021321119823261014,66.54359999999748,3,optimal,96.1745281,0
15.409999999999716,-48.54541859423506,-11.678422765545143,7.09929085023763,5.438338294247879,-0.7652669460104377,0.0914663998503521,7.022764155636587,0.024537817761664478,0.014395411137174463,65.88040000000106,3,optimal,96.9743163,0
15.509999999999714,-48.08739208907221,-12.214571124918388,7.032045068168615,5.588742962059451,-0.7139594964795153,0.08353747483184124,6.960649118520664,0.11504271949787069,0.058711965019814905,66.9607999999986,3,optimal,97.7741044,0
15.609999999999712,-47.57317617044829,-12.687380921950671,6.969307790730121,5.751153287306901,-0.9835012150251922,0.045544864237520556,6.870957669227602,0.07831859746722765,0.13235022059829404,78.70740000000076,2,optimal,98.3739456,0
15.70999999999971,-47.00727065903732,-13.08343916644973,6.882885257109685,5.869959644866901,-1.2441873015485454,0.03293882153029994,6.75846652695483,0.10951956630013425,0.15367018417525458,44.78450000000045,2,optimal,98.9737867,0
15.809999999999707,-46.40724876205884,-13.404897614629192,6.773555632239373,5.9526364947318,-1.023283678229205,0.0781477362413616,6.671227264416452,0.09250814599478531,0.09173785853616323,45.535300000000944,2,optimal,99.7735749,0
15.909999999999705,-45.785999368165854,-13.658719795373113,6.68363732127649,6.044381986720383,-1.0732608672283321,0.09607019230658782,6.576311234553657,0.09009422411623834,0.06657704387168106,63.74120000000261,3,optimal,100.373416,0
16.009999999999703,-45.14944862915952,-13.83936617027022,6.5893273987624,6.191732249331886,-1.1704969636395326,0.07395957654311991,6.472277702398447,0.12794558175591397,0.09851063770076962,69.02840000000054,3,optimal,100.9732571,0
16.10999999999972,-44.5043975592879,-13.931365482243724,6.4864731148557295,6.35355699902209,-1.2321506725441935,0.029268818155730885,6.3632580476013105,0.15990181113132143,0.1537243164422213,76.1561000000004,2,optimal,101.5730983,0
16.209999999999734,-43.86339277695605,-13.93248237303844,6.3782011765026425,6.471559242494951,-0.7981035127693872,0.018618507875842447,6.298390825225704,0.13896481297350913,0.14348410278020562,61.38889999999897,3,optimal,102.3728864,0
16.30999999999975,-43.234558236997316,-13.860488660261714,6.3080699691272315,6.522526601205367,-0.7086863115372732,0.02560837371186131,6.237201337973504,0.1085359852886463,0.10725636139711359,41.90299999999958,2,optimal,102.9727276,0
16.409999999999766,-42.6189146007113,-13.743794100380699,6.245796058684117,6.537225441428773,-0.6636448771959973,0.058118114451474585,6.179431570964517,0.08906249561621966,0.04161795534020829,42.514900000000466,2,optimal,103.5725687,0
16.50999999999978,-42.01504592252957,-13.600370375852313,6.187480043578804,6.571533911268842,-0.5238699155586087,0.08625098028151011,6.135093052022944,0.09350837052523801,0.0019392166626612806,93.08910000000026,3,optimal,104.1724098,0
16.609999999999797,-41.42404639157507,-13.428089123166718,6.141446378649434,6.651555585276123,-0.30218947710143673,0.08525882932853494,6.11122743093929,0.11436932988544593,0.013920167768509906,65.05039999999873,3,optimal,104.772251,0
16.709999999999813,-40.850943764272756,-13.212844507045792,6.1148922881759695,6.762825172234187,-0.04548324436725614,0.054066362039047466,6.110343963739244,0.1301862640933657,0.0627846570264694,65.33879999999925,3,optimal,105.3720921,0
16.809999999999828,-40.30111856114126,-12.946321901047497,6.110895569966125,6.855570113390836,0.21466018702488252,0.021491037025229403,6.132361588668614,0.12665118941634576,0.098508265956184,43.366799999997596,2,optimal,105.9719332,0
16.909999999999844,-39.77375214439548,-12.636910354580824,6.1191737579205245,6.894423625929198,0.48465509895584974,0.017323580840016863,6.167639267816109,0.10837116742065221,0.08553612977550085,45.15209999999925,2,optimal,106.5717744,0
17.00999999999986,-39.26099275729118,-12.301177290393234,6.1378640705389,6.904495119250061,0.7632609185224384,0.032437364378697514,6.2141901623911435,0.09118033988030584,0.048838012920606744,76.82709999999915,2,optimal,107.1716155,0
17.109999999999875,-38.75714519715489,-11.947922012643028,6.167298580167102,6.935696305864535,1.0411753032685764,0.03382766582456068,6.271416110493959,0.08402558813234047,0.038218362727015176,44.367700000000454,2,optimal,107.7714566,0
17.20999999999989,-38.26455749239014,-11.573316710116403,6.2074506222080235,6.993875824300087,1.3091443325550203,0.011892582152155428,6.338365055463526,0.08206846543587762,0.0594427747880113,44.117299999999915,2,optimal,108.3712978,0
17.309999999999906,-37.785680945243854,-11.174139750493131,6.257936662467878,7.03218661372324,1.5619619995038407,-0.003618797954149337,6.414132862418262,0.08381733954194454,0.06560473987792026,43.59319999999833,2,optimal,108.9711389,0
17.409999999999922,-37.31628508016349,-10.7553993559832,6.31817240151539,7.043925932359331,1.7926867313858603,-0.0038679250757070317,6.497441074653977,0.09805239833565889,0.0499593815343129,46.701100000001716,2,optimal,109.57098,0
17.509999999999938,-36.851272959291286,-10.322180985723088,6.387305844057526,7.054836393504188,2.6384554460564447,-0.0009251679879917303,6.65115138866317,0.07870292140153748,0.0317215734432601,77.320300000002,2,optimal,110.3707682,0
17.609999999999953,-36.38680385688584,-9.875764187484148,6.48905563937113,7.067053456330031,2.9069721075968262,-0.005897457869276968,6.779752850130812,0.03324293813687808,0.02758202773504781,42.92290000000065,2,optimal,110.9706093,0
17.70999999999997,-35.919395004504274,-9.416960965741197,6.601160551876824,7.063609490981845,2.967871055144096,-0.0031974089465974216,6.897947657391234,0.02402108188640864,0.012488815862551128,43.45979999999727,2,optimal,111.5704505,0
17.809999999999985,-35.44289804232115,-8.95123374664711,6.715613980616521,7.0490969111807615,2.922120558521595,0.006071277447043901,7.00782603646868,0.09031254691402076,0.00896862507314733,44.17579999999788,2,optimal,112.1702916,0
17.91,-34.95807060063105,-8.477791678702776,6.828303080277324,7.062858739321898,3.416415874957597,-0.011004956094896554,7.169944667773084,0.03210505518535862,0.0028517706908886,42.88389999999964,2,optimal,112.9700798,0
18.010000000000016,-34.46632100831133,-7.99384265140458,6.960054259363047,7.062584097797054,3.255630332946195,-0.02119571073416466,7.285617292657666,0.05830941402156368,0.006611589192344169,47.579599999998834,2,optimal,113.5699209,0
18.11000000000003,-33.96239883111523,-7.5039823108702155,7.085604880461899,7.032120611989739,3.232673379650347,-0.019816858158889897,7.408872218426934,0.0387140803560066,0.011141285148797309,79.17439999999942,2,optimal,114.3697091,0
18.210000000000047,-33.440524189151354,-7.014830811323501,7.21027018613791,7.001143885282758,2.6392253533842984,-0.014392647300033902,7.4741927214763395,0.0767074042021918,0.027076785207969856,41.81970000000135,2,optimal,114.9695502,0
18.310000000000063,-32.89848467105659,-6.531095101681311,7.31204967227428,6.972351036224892,2.396109575428352,-0.020550376141508064,7.551660629817115,0.0035219183023436724,0.028453030157560733,43.2957000000016,2,optimal,115.7693384,0
18.41000000000008,-32.33646934872238,-6.055606427547185,7.404453604739087,6.944132355633387,2.236244628156784,-0.0317789214401277,7.628078067554766,0.0601320682560923,0.020818063305114265,44.86389999999929,2,optimal,116.5691265,0
18.510000000000094,-31.7548160929208,-5.58996398259518,7.49069248117196,6.915860204115695,1.6536617940301275,-0.03843007455177796,7.656058660574973,0.08528720499797213,0.016643161822523567,62.638899999996056,3,optimal,117.1689677,0
18.61000000000011,-31.152987625100007,-5.138292702110625,7.554464544979967,6.864886900069341,1.4640241997801808,-0.05076116168317071,7.700866964957985,0.04401038669506169,0.016909837666616134,95.8420000000011,3,optimal,117.9687559,0
18.710000000000125,-30.525558159446803,-4.712268523842648,7.610923395890049,6.784565136159619,1.376962799613524,-0.05056298928468344,7.748619675851402,0.04567619508953526,0.037922081662875584,76.33219999999952,3,optimal,118.768544,0
18.81000000000014,-29.86796091493319,-4.323716031742429,7.664024797782028,6.70384173991899,1.3113045251056734,-0.05339676224021187,7.795155250292596,0.07951202390234571,0.050529727096312094,77.08410000000043,3,optimal,119.5683322,0
18.910000000000156,-29.179794534696917,-3.980599774769283,7.714594144034485,6.626169076202862,1.2431093803332751,-0.05946700473058445,7.838905082067813,0.11665555465633234,0.05129202509291364,106.75290000000004,3,optimal,120.3681204,0
19.010000000000172,-28.46359787351288,-3.6874529734212973,7.762533602398425,6.549841723549612,0.7548551549415741,-0.05295455571027417,7.838019117892582,0.13227737220312244,0.06509082213470752,66.44959999999855,3,optimal,120.9679615,0
19.110000000000188,-27.723864600036176,-3.447621831353264,7.791643950887167,6.471738062285507,0.6409407428518861,-0.05742228940375333,7.855738025172355,0.136302100300613,0.06067601080176743,66.69479999999695,3,optimal,121.7677497,0
19.210000000000203,-26.965402919899198,-3.264284735921145,7.816361286740157,6.392045366124142,0.6276347103544436,-0.05662318066802201,7.879124757775601,0.15097974423878296,0.06408024997380934,71.71080000000174,3,optimal,122.5675379,0
19.31000000000022,-26.192583593241505,-3.140039338751847,7.840565486741234,6.312167464988146,0.624053010526934,-0.0504426778470838,7.902970787793927,0.16721967219811312,0.07368705542249376,106.38039999999904,3,optimal,123.367326,0
19.410000000000235,-25.40999282134155,-3.076665406605929,7.864631561527851,6.232463046845426,0.6037787930824823,-0.03843515233425256,7.925009440836099,0.17727785892020295,0.08867895612663812,80.78450000000359,3,optimal,124.1671142,0
19.51000000000025,-24.622479008292974,-3.075217289728043,7.887915778323197,6.1527642941296214,0.5624079731948106,-0.018832186228009258,7.944156575642678,0.17564827838400862,0.10888760389966823,50.39070000000123,2,optimal,124.9669024,0
19.610000000000266,-23.834815134379777,-3.1333796236588287,7.9096045645563855,6.095396417719636,0.5014349938908558,-0.007056744486735887,7.959748063945471,0.16147898566429106,0.11173645726931891,58.06479999999681,2,optimal,125.7666906,0
19.71000000000028,-23.04999971614278,-3.2391932574914892,7.928941979583701,6.068626519042229,0.43407166553295545,-0.009091758199943374,7.972349146136997,0.14370328190736747,0.08876594953044847,46.60339999999863,2,optimal,126.5664787,0
19.810000000000297,-22.268892648017466,-3.3802897809187424,7.945681585016655,6.042650904875857,0.37075004583976234,-0.009903818726301817,7.982756589600632,0.1304044927322372,0.06964240284460654,88.74079999999651,2,optimal,127.3662669,0
19.910000000000313,-21.491823549186673,-3.549613036725542,7.959979245920154,6.013049837201127,-0.0326632757877216,-0.0027629137709670602,7.956712918341382,0.11573563511409302,0.06841851318030656,41.75290000000231,2,optimal,127.966108,0
20.01000000000033,-20.719753636748734,-3.7424559965605435,7.957109048093458,5.998567286659042,-0.1171261471046074,-0.008728781423425539,7.945396433382998,0.10215373939761525,0.04575655291590852,47.16730000000169,2,optimal,128.7658962,0
20.110000000000344,-19.952010632529497,-3.94892493144656,7.946816901798833,6.00016629170214,-0.09554857703437433,-0.026765040815296782,7.937262044095395,0.09524515685002637,0.01156307133979606,46.039900000000245,2,optimal,129.5656844,0
20.21000000000036,-19.18865114192694,-4.167783848219181,7.9384208266491685,5.9694092878665455,-0.05135678106370828,-0.024804836869758266,7.933285148542797,0.09328624216612319,0.01431670999549084,43.96380000000022,2,optimal,130.3654726,0
20.310000000000375,-18.43110298562876,-4.403990432276486,7.933907987142405,5.932429517494921,-0.010458582307935792,-0.01570423829196768,7.932862128911611,0.09304202338499819,0.027906413725820478,74.81979999999666,2,optimal,131.1652607,0
20.41000000000039,-17.681071293283157,-4.662394576375302,7.932988967249677,5.896601567315925,0.019824813544973133,-0.0014433862770068804,7.934971448604174,0.08892771644512178,0.04498739256239492,22.11550000000173,1,optimal,131.9650489,0
20.510000000000407,-16.939062170465007,-4.943072297431914,7.933753494360925,5.880361970021159,0.04215575915300958,0.0064262212942057615,7.937969070276226,0.07720773437293964,0.04716429196887262,21.872099999999506,1,optimal,132.7648371,0
20.610000000000422,-16.20147861127199,-5.235563733164338,7.935379195439758,5.900231355502277,0.05886097630055874,-0.00389665983561284,7.941265293069813,0.06329476304796271,0.017957557320083417,22.85579999999854,1,optimal,133.5646253,0
20.710000000000438,-15.463493742441097,-5.527577931976972,7.937649119042026,5.9234901574726,0.07346347462805708,-0.016188457672882798,7.944995466504832,0.053907977851720995,0.009870313747510018,44.87140000000167,2,optimal,134.3644134,0
20.810000000000453,-14.72276708136508,-5.813283958637688,7.94048217560078,5.925522518269654,0.0835628339583378,-0.01441541388961243,7.948838458996614,0.050705170263080565,0.011662067348269467,61.10590000000116,3,optimal,135.1642016,0
20.91000000000047,-13.98231949520183,-6.100548475160286,7.943704705381904,5.8899520502843,0.09200746859386923,0.01535594425854391,7.952905452241291,0.04533469350766453,0.02899574386458781,45.586899999999986,2,optimal,135.9639898,0
21.010000000000485,-13.245918157672568,-6.3989269540546765,7.947252895331724,5.868415630216679,0.10592397741115328,0.04535884334320599,7.95784529307284,0.02783380129700256,0.060497988400079805,98.63490000000041,3,optimal,136.763778,0
21.1100000000005,-12.51121023475732,-6.702473027245659,7.95133776363469,5.907975324325647,0.11459336302296412,0.04492550225576505,7.962797099936987,0.027793453781447854,0.0358058134090351,66.0950999999983,3,optimal,137.5635661,0
21.210000000000516,-11.769844220333026,-6.990438911742314,7.955756959437034,5.984590160490418,0.11735139816966059,0.022955859151111237,7.967492099254,0.05501057452252418,0.0210339697995785,42.99100000000067,2,optimal,138.3633543,0
21.31000000000053,-11.016289191418648,-7.246127250911029,7.960282516524372,6.037740712173079,0.11869865973337833,0.01316382276807241,7.972152382497709,0.0695849168732221,0.04952855965322378,44.44739999999925,2,optimal,139.1631425,0
21.410000000000547,-10.25232893791666,-7.470517439931728,7.964860029610644,6.0538659112486055,0.11647311228815746,0.026356359636452498,7.9765073408394604,0.07338136905710299,0.036151257947805604,77.29660000000038,2,optimal,139.9629307,0
21.510000000000563,-9.481547887315774,-7.6721145038216045,7.969351716348266,6.065351401546385,0.11136855129268373,0.04695573386735281,7.980488571477534,0.07908005865663985,0.013306550562869113,65.0218000000038,3,optimal,140.7627188,0
21.61000000000058,-8.705573146327904,-7.854575944306934,7.973646550022769,6.101862936101987,0.0972409295166824,0.0597504111807797,7.983370642974437,0.09436438590952022,0.010531354659873315,65.50820000000357,3,optimal,141.562507,0
21.710000000000594,-7.922672938251461,-8.00631794213248,7.9773965639520235,6.190176249011507,0.054653676520588744,0.047809993957718164,7.9828619316040825,0.11199136189333812,0.052571814029573005,66.23829999999487,3,optimal,142.3622952,0
21.81000000000061,-7.131181745411452,-8.105347742780362,7.979504236608546,6.29853280002232,-0.025040235615919997,0.026041473295022453,7.977000213046954,0.11700821175994415,0.10509378245449419,77.14700000000008,2,optimal,143.1620834,0
21.910000000000625,-6.334506314242715,-8.144726869507815,7.977303893008233,6.349374548025674,-0.1310309122126576,0.04344548116342483,7.9642008017869665,0.11099485462657284,0.09054677409353662,65.53499999999701,3,optimal,143.9618716,0
22.01000000000064,-5.537699524307444,-8.135400532933794,7.965789902742623,6.383766805959691,-0.2412181670726838,0.07914143090307016,7.941668086035355,0.112417115530699,0.049826000074515875,69.86949999999936,3,optimal,144.7616597,0
22.110000000000657,-4.744614736414803,-8.079796191826118,7.944593502743093,6.467803861698746,-0.4349711090848739,0.09262778312127977,7.9010963918346055,0.13052733623891047,0.04856943775807476,65.3460999999993,3,optimal,145.5614479,0
22.210000000000672,-3.9621336787672226,-7.9601018537761155,7.906371582195853,6.620525009396143,-0.7069224595147023,0.07012899170611588,7.835679336244383,0.15615973391220575,0.10514268481192879,94.07860000000312,3,optimal,146.3612361,0
22.310000000000688,-3.2047970794711564,-7.749954302142508,7.844252665522338,6.794325164348088,-1.2792217733037203,0.01574819674556421,7.716330488191966,0.16517160898386882,0.19918806526033705,41.89219999999949,2,optimal,146.9610772,0
22.410000000000704,-2.4913792158852446,-7.443545033596608,7.731844480334175,6.917464684218987,-1.4159505513185895,0.013760664283086102,7.590249425202316,0.12901533709366284,0.20493418975903666,61.292500000000416,3,optimal,147.7608654,0
22.51000000000072,-1.8278671875211012,-7.063515491845509,7.607421620192541,6.959160519650618,-1.3464739131128942,0.07133957632799202,7.472774228881252,0.09996935269037464,0.11530083979633243,41.62279999999896,2,optimal,148.5606536,0
22.610000000000735,-1.2097211419304268,-6.634072558905856,7.489103833445262,7.022929172477761,-1.1654388637698934,0.12331695836026732,7.372559947068273,0.12755619582872743,0.03299834668910506,101.1437000000015,3,optimal,149.3604417,0
22.71000000000075,-0.6451259715277234,-6.153140374850495,7.3866940165096135,7.196837241956354,-1.392123207855287,0.09323797194050747,7.247481695724085,0.17399012205202968,0.09607390714167785,63.793800000002676,3,optimal,149.9602829,0
22.810000000000766,-0.16623360989353075,-5.602643104773158,7.264364920320768,7.441351408859418,-1.2613352320789541,0.017017924067425444,7.138231397112873,0.18675971210957537,0.20485511052683947,43.74989999999812,2,optimal,150.760071,0
22.91000000000078,0.1999698317879654,-4.984822441638009,7.1535284670092265,7.603529424725609,-1.4278547522419276,-0.04541512317823834,7.010742991785034,0.18137869573983534,0.27392564130443553,64.35120000000083,3,optimal,151.3599122,0
23.010000000000797,0.4693642108689824,-4.331469735963858,7.028059557113099,7.615699274207438,-1.2042865473740019,-0.006061427671732082,6.907630902375699,0.116571747750348,0.1721026952188005,98.53169999999523,3,optimal,152.1597003,0
23.110000000000813,0.6925792091090829,-3.6724765897782836,6.922236104087265,7.549866018023026,-1.2710320395959909,0.07388498903129248,6.7951329001276655,0.10072278378956957,0.027690062743768173,64.89679999999609,3,optimal,152.7595415,0
23.21000000000083,0.9047786651239048,-3.021358781320001,6.810547569801292,7.542717862197465,-0.8799782032842978,0.14365613468781227,6.722549749472862,0.12426545845794862,0.07582359798870719,66.52090000000399,3,optimal,153.5593297,0
23.310000000000844,1.0908294840520012,-2.3716939055106856,6.733221843409951,7.6935841356227685,-0.8870996690951556,0.10709009748892898,6.644511876500435,0.15448924207335163,0.008655313956404065,65.39689999999965,3,optimal,154.1591708,0
23.41000000000086,1.2031473307050404,-1.713607229054766,6.655270337295044,7.912046199744754,-0.9059804665013166,0.0057836312300831305,6.564672290644912,0.18562003968445678,0.1654997788147563,76.65929999999932,2,optimal,154.7590119,0
23.510000000000876,1.2157226294492878,-1.0540301368919558,6.575659731706048,8.049571864608385,-0.3173376030663422,-0.061896300896889606,6.543925971399413,0.17238359773169706,0.22799925661972154,64.12519999999944,3,optimal,155.5588001,0
