controller,time_s,x_m,y_m,speed_mps,yaw_rad,accel_command_mps2,steer_command_rad,speed_command_mps,cross_track_error_m,heading_error_rad,controller_update_ms,controller_iterations,controller_status,progress_m,lap_count,collision
Pure Pursuit,0.01,0.7,0.0,0.0,1.37079632679,8.0,0.0012626735978263956,0.8,0.3692983251946318,0.2509290443238812,0.0737000000001764,0,not_applicable,0.199947,0,0
Pure Pursuit,0.10999999999999999,0.7028344348779872,0.014006842945505114,0.28888366911729985,1.3714747288679925,8.0,0.0009314416224896602,1.0888836691172998,0.36495839593251095,0.2502506422458888,0.06330000000032143,0,not_applicable,0.199947,0,0
Pure Pursuit,0.21000000000000005,0.711674155238733,0.05868950072808288,0.5973968804074414,1.3735926047747327,8.0,-0.0002404921746973286,1.3973968804074415,0.3548272065531794,0.2481327663391486,0.05670000000002062,0,not_applicable,0.199947,0,0
Pure Pursuit,0.3100000000000001,0.7268913989235504,0.13355742953983527,0.905910091697583,1.371710193726719,8.0,0.026994561326297194,1.7059100916975831,0.3465704284975946,0.26590294524109703,0.054099999999834836,0,not_applicable,0.3998941,0,0
Pure Pursuit,0.4100000000000002,0.7479077073566052,0.23872784066226818,1.2144233029877245,1.3737950320751986,8.0,0.03075322619239895,2.0144233029877245,0.3067296408127694,0.26381810689261753,0.05429999999995161,0,not_applicable,0.3998941,0,0
Pure Pursuit,0.5100000000000002,0.7736240067262032,0.37441517339227376,1.5229365142778661,1.3800273797580995,8.0,0.053963236220906645,2.322936514277866,0.27542129700681145,0.2734346808499124,0.05420000000011527,0,not_applicable,0.5998411,0,0
Pure Pursuit,0.6100000000000003,0.802793200744792,0.5408265259768527,1.8314497255680078,1.3955486306799967,8.0,0.07189724570807944,2.631449725568008,0.24227829504317908,0.27376902434331996,0.05150000000009314,0,not_applicable,0.7997882,0,0
Pure Pursuit,0.7100000000000004,0.830353168816119,0.7387042153252447,2.1399629368581494,1.4321149370449733,8.0,0.08008497297815353,2.9399629368581497,0.1998111295355665,0.2530917011186391,0.053999999999998494,0,not_applicable,0.9997352,0,0
Pure Pursuit,0.8100000000000005,0.8518964196675143,0.9683337044509679,2.4484761481482904,1.4808039849367465,8.0,0.08387963595013116,3.24847614814829,0.14435615810672123,0.2203275004494003,0.051800000000046253,0,not_applicable,1.1996823,0,0
Pure Pursuit,0.9100000000000006,0.8641782149337326,1.229527625455509,2.7569893594384314,1.5346556177827975,8.0,0.08370111455191559,3.5569893594384316,0.08481534347279733,0.182444021116706,0.05089999999974282,0,not_applicable,1.3996293,0,0
Pure Pursuit,1.0100000000000007,0.8630785106776657,1.5218512391926515,3.0655025707285724,1.5930033492043438,8.0,0.08533157596977722,3.865502570728572,0.10009645730844555,0.14010998797881014,0.050799999999906476,0,not_applicable,1.5995764,0,0
Pure Pursuit,1.1100000000000008,0.8441889116427294,1.8444665890433056,3.3740157820187133,1.6553387254867447,8.0,0.07935857529382191,4.174015782018714,0.013277416207891166,0.1099568034353835,0.053999999999998494,0,not_applicable,1.9994704,0,0
Pure Pursuit,1.2100000000000009,0.802942915037641,2.1960649106335484,3.6825289933088543,1.7211678558330774,8.0,0.08024507535054573,4.482528993308854,0.04787525056438584,0.07654439170243288,0.06249999999985434,0,not_applicable,2.3993645,0,0
Pure Pursuit,1.310000000000001,0.7347165081027957,2.574819287155725,3.9910422045989953,1.7900098460248166,8.0,0.06970672774323264,4.7910422045989955,0.07684298536241739,0.040388163178051606,0.05689999999969331,0,not_applicable,2.7992586,0,0
Pure Pursuit,1.410000000000001,0.6349300581385762,2.9783555888894173,4.299555415889138,1.861403253775687,8.0,0.05626940669442835,5.099555415889138,0.07906425958768111,0.001985292383837045,0.05479999999957741,0,not_applicable,3.1991527,0,0
Pure Pursuit,1.5100000000000011,0.5013454324320121,3.4044716537431285,4.60806862717928,1.918866801352314,8.0,0.041561953658540964,5.40806862717928,0.07117707174104268,0.022146414864153918,0.05709999999981008,0,not_applicable,3.5990468,0,0
Pure Pursuit,1.6100000000000012,0.3366229388016878,3.8525827318024475,4.916581838469423,1.9625227505025837,8.0,0.04133913866581915,5.7165818384694225,0.10571566120876916,0.0320944073874303,0.059100000000089636,0,not_applicable,3.9989409,0,0
Pure Pursuit,1.7100000000000013,0.14060686787458287,4.321545881257369,5.225095049759565,2.007722701325667,8.0,0.042581258481440426,6.025095049759565,0.06561376028103252,0.025940826644342607,0.060599999999855214,0,not_applicable,4.598782,0,0
Pure Pursuit,1.8100000000000014,-0.08849341149846575,4.809575254126861,5.533608261049707,2.0541402070646786,8.0,0.040132053976347094,6.333608261049707,0.09871992230187625,0.019936165903462033,0.05070000000007013,0,not_applicable,5.1986231,0,0
Pure Pursuit,1.9100000000000015,-0.3528955398995868,5.31451543870967,5.84212147233985,2.1010856805547133,7.1914062766015086,0.041639218951505665,6.5612621,0.10844137096939503,0.03126672124882335,0.05429999999995161,0,not_applicable,5.5985172,0,0
Pure Pursuit,2.010000000000001,-0.6539728604066515,5.832511847132652,6.119451952850651,2.1496423593469567,4.229122471493492,0.04694916602650331,6.5423642,0.10780440931598413,0.025281609680291695,0.06149999999971456,0,not_applicable,6.1983584,0,0
Pure Pursuit,2.109999999999999,-0.9902287999804683,6.354232317125868,6.28254447217812,2.204334111067436,2.254910278218798,0.053783614459968966,6.5080355,0.12409793843075614,0.004885615892216588,0.06159999999999499,0,not_applicable,6.9981465,0,0
Pure Pursuit,2.209999999999997,-1.3595508011750308,6.868170386317393,6.369503173566175,2.2654144660726083,1.0749782643382488,0.060473093962076264,6.477001,0.1163648722563153,0.008124171380385903,0.056299999999787076,0,not_applicable,7.5979877,0,0
Pure Pursuit,2.3099999999999947,-1.7610795077375982,7.365381912152589,6.410958798115937,2.3308067514636277,0.44815501884063025,0.06582323730749318,6.4557743,0.11844737693364528,0.016877775561950248,0.05689999999969331,0,not_applicable,8.1978288,0,0
Pure Pursuit,2.4099999999999926,-2.196157048495646,7.837304418500026,6.428241516118227,2.4198686920499726,0.2814958388177313,0.055839327588014444,6.4563911,0.12772797147330972,0.0523347104860612,0.060200000000065756,0,not_applicable,8.7976699,0,0
Pure Pursuit,2.5099999999999905,-2.6691173488181335,8.273252536223326,6.439097164268035,2.5149331162513175,0.3667163573196497,0.02438510303307863,6.4757688,0.13094184837012365,0.09687073549711078,0.0560999999996703,0,not_applicable,9.3975111,0,0
Pure Pursuit,2.6099999999999883,-3.1756337055198647,8.671856865409028,6.453239269396699,2.567099968394355,0.5645603060330107,0.01661457535919698,6.5096953,0.1306699642754773,0.1014081984830093,0.057400000000207285,0,not_applicable,9.9973522,0,0
Pure Pursuit,2.709999999999986,-3.705077375962524,9.04277884097983,6.475011058519347,2.58599015483205,0.9722664148065263,0.02200966358060137,6.5722377,0.1203496533062672,0.06104993073292109,0.05319999999997549,0,not_applicable,10.7971404,0,0
Pure Pursuit,2.809999999999984,-4.2500051481728365,9.396202003627286,6.512505687752036,2.603400337436069,1.1676031224796457,0.02963771655601199,6.629266,0.07931997784311694,0.0370745533049055,0.0628999999996438,0,not_applicable,11.3969815,0,0
Pure Pursuit,2.909999999999982,-4.807386480007092,9.7376797842492,6.557533311355609,2.62315945241727,1.3578898864439104,0.03347202580673404,6.6933223,0.06589914326368576,0.017979568222350917,0.06139999999987822,0,not_applicable,11.9968226,0,0
Pure Pursuit,3.00999999999998,-5.377494631208183,10.067329488622097,6.609899182536261,2.6608764082419682,1.5349721746373923,0.0366368862371402,6.7633964,0.09827655066206131,0.019320262679543454,0.06620000000001625,0,not_applicable,12.5966638,0,0
Pure Pursuit,3.1099999999999777,-5.965265746491973,10.376497064432387,6.6690940818910605,2.728097692084568,1.9590731810893924,0.023690401291513043,6.8650014,0.1027333548944858,0.04182481699980434,0.06130000000004188,0,not_applicable,13.3964519,0,0
Pure Pursuit,3.2099999999999755,-6.574177846023053,10.658213767432173,6.744644076672346,2.778510136904573,2.0210552332765452,0.013282015776915675,6.9467496,0.06957862615489094,0.06149750583592484,0.05199999999971894,0,not_applicable,13.9962931,0,0
Pure Pursuit,3.3099999999999734,-7.201547866992245,10.916972804567857,6.8225843566989575,2.796849437568003,2.1035844330104236,0.011618296962022566,7.0329428,0.09505952369121473,0.051468974928295275,0.08870000000005263,0,not_applicable,14.5961342,0,0
Pure Pursuit,3.4099999999999713,-7.8437698827123015,11.159871782693477,6.903707305279958,2.8136014544516867,2.508505947200428,0.013476799916416232,7.1545579,0.061103338928414075,0.03405833648147816,0.13180000000012626,0,not_applicable,15.3959224,0,0
Pure Pursuit,3.509999999999969,-8.499792480128699,11.391104605774858,7.00044570844386,2.8324786742208015,2.503053915561395,0.011285177712566995,7.2507511,0.06747785226580641,0.030043071274495237,0.08449999999982083,0,not_applicable,15.9957635,0,0
Pure Pursuit,3.609999999999967,-9.16959517650155,11.61186571097937,7.096973858634136,2.8525538200235183,2.88787441365864,0.01108720711933445,7.3857613,0.052807678125313645,0.023219306519647098,0.07409999999996586,0,not_applicable,16.7955517,0,0
Pure Pursuit,3.709999999999965,-9.853680591324457,11.822230177146311,7.208342284779195,2.872716264113042,2.839121152208053,0.00761999552567554,7.4922544,0.08108513902379859,0.025919746884090156,0.060599999999855214,0,not_applicable,17.3953928,0,0
Pure Pursuit,3.8099999999999627,-10.552423373727313,12.021985681790461,7.317830582767879,2.8928920361472357,3.237498172321205,0.003124987820261818,7.6415804,0.027211663363803346,0.026412087662835315,0.05769999999971631,0,not_applicable,18.195181,0,0
Pure Pursuit,3.9099999999999606,-11.266367940854542,12.210891067969824,7.442681952478975,2.9127666164251433,3.5563924752102505,-0.0028345995693418048,7.7983212,0.06375997154887447,0.030492466883150993,0.06359999999983046,0,not_applicable,18.9949692,0,0
Pure Pursuit,4.009999999999959,-11.996004698915709,12.391560106752262,7.579831210370877,2.9112165777503796,3.4032888962912367,-0.0009303975839666908,7.9201601,0.09209874751572204,0.019523661390409508,0.07029999999996761,0,not_applicable,19.5948103,0,0
Pure Pursuit,4.109999999999957,-12.738800972260371,12.57482064388846,7.711076158663738,2.883597604739836,2.889238413362616,0.014797657299411513,8.0,0.05743919072420506,0.01742937513650622,0.07070000000020116,0,not_applicable,20.3945985,0,0
Pure Pursuit,4.209999999999955,-13.491601997205597,12.76772295935725,7.8224971862999055,2.8790666007809147,1.7750281370009446,0.02155441554887786,8.0,0.03975263648660367,0.027609441008885405,0.05500000000013827,0,not_applicable,21.1943866,0,0
Pure Pursuit,4.3099999999999525,-14.252873862851919,12.963106065619044,7.89094964013447,2.9059391371374215,1.0905035986553013,0.012597286236296811,8.0,0.04019975215362051,0.0026982619568940436,0.059100000000089636,0,not_applicable,21.9941748,0,0
Pure Pursuit,4.40999999999995,-15.021737035146165,13.150440100238525,7.933003986027545,2.9344457856813686,0.669960139724548,-0.001986786420497642,8.0,0.04099081729928363,0.027539585184920945,0.06580000000022679,0,not_applicable,22.793963,0,0
Pure Pursuit,4.509999999999948,-15.796800412569603,13.325971058855862,7.958840430295397,2.9381028207027944,0.41159569704602994,-0.011756863343801218,8.0,0.02866686408698115,0.036625266850751625,0.057400000000207285,0,not_applicable,23.5937512,0,0
Pure Pursuit,4.609999999999946,-16.574534717103866,13.498958686501188,7.9747132690765055,2.9093333047836945,0.2528673092349454,-0.010883971975761764,8.0,0.00825217631089507,0.016988636852260264,0.05989999999966855,0,not_applicable,24.3935393,0,0
Pure Pursuit,4.709999999999944,-17.351500168411086,13.680919402924335,7.984464882276803,2.87857795629744,0.15535117723197267,-0.010760699217470837,8.0,0.012596390301112889,0.0009214478914962854,0.05750000000004363,0,not_applicable,25.1933275,0,0
Pure Pursuit,4.809999999999942,-18.125342140434196,13.878844324248712,7.990455868597495,2.8507492991275214,0.09544131402504874,-0.014577998698250627,8.0,0.028238962961186772,0.012181378188118153,0.05440000000023204,0,not_applicable,25.9931157,0,0
Pure Pursuit,4.90999999999994,-18.894687882334384,14.095330324340177,7.994136481882448,2.8247803721613858,0.05863518117552147,-0.018115820388987087,8.0,0.03957531230034781,0.017845031119751997,0.0636999999996668,0,not_applicable,26.7929039,0,0
Pure Pursuit,5.009999999999938,-19.65868547399719,14.330981652744656,7.9963976978873275,2.7995025709804557,0.036023021126725396,-0.02306367906590646,8.0,0.04873880779052878,0.019062103085344617,0.053999999999998494,0,not_applicable,27.592692,0,0
Pure Pursuit,5.1099999999999355,-20.416703188422602,14.58577407322156,7.99778689512835,2.7743852550267722,0.022131048716502733,-0.030410344077465252,8.0,0.05857949494436549,0.016339363349735958,0.05880000000013652,0,not_applicable,28.3924802,0,0
Pure Pursuit,5.209999999999933,-21.168191381443407,14.859546676517914,7.998640360241943,2.749269497238642,0.013596397580570851,-0.0413627559210425,8.0,0.07210495281690148,0.009805200137050551,0.05610000000011439,0,not_applicable,29.1922684,0,0
Pure Pursuit,5.309999999999931,-21.911837649754037,15.154090413419004,7.999164693776888,2.7059969399936965,0.0083530622311212,-0.04638592103294401,8.0,0.09024064860848534,0.017577529368817846,0.059499999999879094,0,not_applicable,29.9920566,0,0
Pure Pursuit,5.409999999999929,-22.64227797865204,15.47998907265251,7.999486822533517,2.6270881197860443,0.005131774664830502,-0.03211823132122244,8.0,0.10428755904666107,0.057084980481147074,0.07510000000010564,0,not_applicable,30.7918447,0,0
Pure Pursuit,5.509999999999927,-23.352063071216378,15.848644319602323,7.9996847250686995,2.5448808227167694,0.003152749313004577,-0.009941233995063484,8.0,0.10398610189727864,0.09625602510553888,0.06560000000011001,0,not_applicable,31.5916329,0,0
Pure Pursuit,5.609999999999925,-24.035429093581325,16.264278013158133,7.999806308170568,2.4839871058301646,0.0019369182943229646,0.011369896513627263,8.0,0.08482625253639688,0.11515234650181583,0.0548000000000215,0,not_applicable,32.3914211,0,0
Pure Pursuit,5.709999999999923,-24.695772179947213,16.715768770440164,7.999881003780941,2.483919212512479,0.0011899621905886448,0.007521379516531586,8.0,0.056218483932865465,0.07831628105278421,0.05469999999974107,0,not_applicable,33.1912093,0,0
Pure Pursuit,5.809999999999921,-25.346046203490527,17.181736283566536,7.999926893663032,2.5201572889963626,0.0007310633696810953,-0.017368496740455753,8.0,0.03887621878856604,0.010488107915957112,0.06159999999999499,0,not_applicable,33.9909974,0,0
Pure Pursuit,5.909999999999918,-25.996954718832633,17.646825652349783,7.99995508650151,2.5324256032149237,0.0004491349849011783,-0.03716628042357121,8.0,0.04123837278677861,0.028100056490749648,0.0556000000000445,0,not_applicable,34.7907856,0,0
Pure Pursuit,6.009999999999916,-26.646608781451672,18.113657607789047,7.9999724070110725,2.489004333221004,0.0002759298892751616,-0.031611553823207864,8.0,0.05797772305124338,0.00575442787825553,0.060599999999855214,0,not_applicable,35.5905738,0,0
Pure Pursuit,6.109999999999914,-27.2837453543546,18.59738302447675,7.999983048013101,2.4231312957334525,0.00016951986898661175,-0.00855087340317139,8.0,0.07043851129186784,0.04427060276970618,0.06189999999994811,0,not_applicable,36.390362,0,0
Pure Pursuit,6.209999999999912,-27.902509718807625,19.104387007193978,7.999989585402996,2.391686846182656,0.00010414597004348991,0.0070549793865323455,8.0,0.06569846639217529,0.06508304052924219,0.05670000000002062,0,not_applicable,37.1901502,0,0
Pure Pursuit,6.30999999999991,-28.50526367177095,19.630374305288186,7.999993601703953,2.391485571675028,6.398296046761232e-05,0.016653200421801077,8.0,0.04590573690224626,0.0598604576908337,0.06189999999994811,0,not_applicable,37.9899383,0,0
Pure Pursuit,6.409999999999908,-29.102660071106314,20.162461049694116,7.9999960691525285,2.423296288234573,3.930847471522725e-05,0.01439033168954893,8.0,0.030363458924547494,0.027827779412675557,0.05870000000030018,0,not_applicable,38.7897265,0,0
Pure Pursuit,6.509999999999906,-29.704944136417726,20.688995838713947,7.999997585050499,2.4558707735684426,2.4149495008174426e-05,0.012205384138473805,8.0,0.035015149115978396,0.0003187685509971061,0.06079999999997199,0,not_applicable,39.5895147,0,0
Pure Pursuit,6.6099999999999035,-30.317727051072914,21.20326062929351,7.999998516355282,2.484579221927462,1.4836447181920676e-05,0.010751599289699392,8.0,0.04386543025820728,0.017717668195553316,0.05969999999999587,0,not_applicable,40.3893029,0,0
Pure Pursuit,6.709999999999901,-30.942788595846093,21.702524395775143,7.999999088510278,2.5109059744658664,9.114897219220097e-06,0.009813484279193834,8.0,0.04787183945269653,0.027680279923857576,0.05640000000006751,0,not_applicable,41.189091,0,0
Pure Pursuit,6.809999999999899,-31.580252875917374,22.185851140921233,7.999999440018555,2.536312702217804,5.59981445213964e-06,0.010247468682325494,8.0,0.04826796846187928,0.031020171965763232,0.056299999999787076,0,not_applicable,41.9888792,0,0
Pure Pursuit,6.909999999999897,-32.22975491511773,22.652876573623285,7.999999655970647,2.5614761280413445,3.4402935256139244e-06,0.013653590406082149,8.0,0.04840426270658765,0.028394535941381083,0.056900000000137396,0,not_applicable,42.7886674,0,0
Pure Pursuit,7.009999999999895,-32.89084371663991,23.10335130138916,7.999999788642648,2.5866118313542645,2.113573520645673e-06,0.02192661783586965,8.0,0.05183400396576609,0.019985345859085957,0.05699999999997374,0,not_applicable,43.5884556,0,0
Pure Pursuit,7.109999999999893,-33.563073305191374,23.537025580843622,7.999999870150818,2.6117618503557725,1.298491820733716e-06,0.036983807914978954,8.0,0.06277000208343729,0.005783286054129366,0.058500000000183405,0,not_applicable,44.3882437,0,0
Pure Pursuit,7.209999999999891,-34.247095048151124,23.95181711807692,7.999999920226053,2.6550629401139245,7.977394655966918e-07,0.05006436429295632,8.0,0.08478130206673634,0.003849466246574007,0.05710000000025417,0,not_applicable,45.1880319,0,0
Pure Pursuit,7.309999999999889,-34.948113970681334,24.337084570453516,7.9999999509901984,2.734005119145473,4.900980155042589e-07,0.04886251740687971,8.0,0.11204375343249418,0.03156394716163691,0.06260000000013477,0,not_applicable,45.9878201,0,0
Pure Pursuit,7.4099999999998865,-35.67072245632745,24.680017860277452,7.999999969890412,2.81624290555967,3.010958771199057e-07,0.04693924774290204,8.0,0.1359329333384099,0.05643182928896362,0.052399999999952485,0,not_applicable,46.7876083,0,0
Pure Pursuit,7.509999999999884,-36.41554377930017,24.97149159509107,7.999999981501919,2.895295189102073,1.8498081288953472e-07,0.046353565254817715,8.0,0.15263416745445155,0.07176586130643114,0.05439999999978795,0,not_applicable,47.5873964,0,0
Pure Pursuit,7.609999999999882,-37.17994471081561,25.20684202202626,7.9999999886355475,2.972048541919897,1.1364452490170152e-07,0.047505480319191086,8.0,0.16370517018642083,0.07818102245920411,0.05339999999964817,0,not_applicable,48.3871846,0,0
Pure Pursuit,7.70999999999988,-37.95991764787246,25.383865835982295,7.999999993018152,3.0478449103184744,6.981847988640766e-08,0.05149024009294229,8.0,0.1732999417205976,0.07666058166156287,0.05150000000009314,0,not_applicable,49.1869728,0,0
Pure Pursuit,7.809999999999878,-38.75103892191647,25.50143512744393,7.999999995710643,3.1233656823890037,-1.3269739571064232,0.058415179924287124,7.8673026,0.1864276900084991,0.06749111194216484,0.0548000000000215,0,not_applicable,49.986761,0,0
Pure Pursuit,7.909999999999876,-39.541134580086386,25.557253169147515,7.883395715340194,3.215521769880035,-1.2875251534019405,0.0571619019452244,7.7546432,0.19626436686758983,0.09395778427253099,0.0762999999999181,0,not_applicable,50.5866021,0,0
Pure Pursuit,8.009999999999874,-40.32163895799821,25.54599753466105,7.770257892877833,3.314759013550068,-1.6332159287783288,0.04879565010627144,7.6069363,0.1953469043125635,0.10863014947631511,0.063200000000041,0,not_applicable,51.3863903,0,0
Pure Pursuit,8.109999999999872,-41.084432054213146,25.46369022408656,7.6267434199336765,3.4189536259802282,-1.6470061993367668,0.04399925325893006,7.4620428,0.1886021991177389,0.13212353508633345,0.06150000000015865,0,not_applicable,52.1861784,0,0
Pure Pursuit,8.20999999999987,-41.82108650495103,25.308813591076834,7.482017163920252,3.5244685411799606,-1.6210796392025273,0.013676826368578657,7.3199092,0.17794327478252003,0.16023679324071605,0.05649999999990385,0,not_applicable,52.9859666,0,0
Pure Pursuit,8.309999999999867,-42.52478506971808,25.08482211523673,7.339569134898959,3.609648193792599,-1.2448063489895844,-0.013193788042014107,7.2150885,0.14769230424491894,0.18923002307600179,0.05709999999981008,0,not_applicable,53.5858077,0,0
Pure Pursuit,8.409999999999865,-43.19687404771523,24.80871924948803,7.23018511289373,3.62628232085208,-1.5252631289372953,-0.00829463876265587,7.0776588,0.07638390623656156,0.13307143499607443,0.06360000000027455,0,not_applicable,54.3855959,0,0
Pure Pursuit,8.509999999999863,-43.84525289153993,24.509418645035954,7.096156702936738,3.6001479317522787,-1.5387140293673784,0.029937409847721405,6.9422853,0.10638722047002443,0.03303228076182352,0.05759999999987997,0,not_applicable,55.1853841,0,0
Pure Pursuit,8.60999999999986,-44.47777585869788,24.20802389498032,6.9609463311510416,3.5906641128196934,-1.1807423115104143,0.08434203530746748,6.8428721,0.045630491872979496,0.04133396604073081,0.05489999999985784,0,not_applicable,55.7852252,0,0
Pure Pursuit,8.709999999999859,-45.09585961812278,23.903124122487498,6.857191764756361,3.6462763588123535,-1.123092647563606,0.11661110566816896,6.7448825,0.1262674876655615,0.059888392314943584,0.056800000000301054,0,not_applicable,56.3850664,0,0
Pure Pursuit,8.809999999999857,-45.686936171604096,23.56902033407396,6.758503008087723,3.7979951574459325,-1.4209390808772238,0.12478453726743237,6.6164091,0.17781767484562777,0.02127953534286675,0.05809999999994986,0,not_applicable,57.1848545,0,0
Pure Pursuit,8.909999999999854,-46.22561750844321,23.17568658356588,6.633641794279707,4.001102085277613,-1.119793942797065,0.10608923862522712,6.5216624,0.22813943604897538,0.08562176804906718,0.0610999999999251,0,not_applicable,57.7846957,0,0
Pure Pursuit,9.009999999999852,-46.68530399578559,22.70773387699144,6.535242902452348,4.2037096589335405,-1.0697030245234807,0.07631448736368053,6.4282726,0.2499199496020886,0.18132857691624515,0.05610000000011439,0,not_applicable,58.3845368,0,0
Pure Pursuit,9.10999999999985,-47.04675453519155,22.171817916960624,6.44124561583141,4.381353786359892,-1.0502551583140995,0.04679767842451311,6.3362201,0.2306379269002968,0.2401535893740494,0.05779999999999674,0,not_applicable,58.9843779,0,0
Pure Pursuit,9.209999999999848,-47.30936940864087,21.591033643591405,6.348957258335977,4.4991080446110185,-1.0347155833597732,0.03976647260967575,6.2454857,0.1867228034254134,0.22544740011148257,0.07890000000010389,0,not_applicable,59.5842191,0,0
Pure Pursuit,9.309999999999846,-47.48905846844992,20.988761149499727,6.258034399345703,4.580348351783272,-1.0198369934570284,0.059298350369051595,6.1560507,0.1485362746154301,0.15875663055278366,0.08479999999977395,0,not_applicable,60.1840602,0,0
Pure Pursuit,9.409999999999844,-47.602170337426685,20.37954443342394,6.168418956570528,4.657127489351839,-1.0052255657052722,0.08328713430076892,6.0678964,0.13874463773968937,0.0796328736816676,0.08080000000010301,0,not_applicable,60.7839013,0,0
Pure Pursuit,9.509999999999842,-47.656067331295056,19.771188135955775,6.080087453852394,4.755598155013103,-0.9908305385239391,0.09635829395685816,5.9810044,0.1565753047548101,0.039878864237912204,0.05759999999987997,0,not_applicable,61.3837425,0,0
Pure Pursuit,9.60999999999984,-47.64363122477808,19.169460473514377,5.993020875571098,4.898817220855202,-0.976640755710978,0.099083665077167,5.8953568,0.1826069390137739,0.0654381570051541,0.052500000000232916,0,not_applicable,61.9835836,0,0
Pure Pursuit,9.709999999999837,-47.549714270363246,18.583897701288517,5.9072011864277965,5.074603745000329,-0.9653688642779645,0.0485280224580597,5.8106643,0.1900863843157064,0.14237105325891708,0.05579999999971719,0,not_applicable,62.5834247,0,0
Pure Pursuit,9.809999999999835,-47.36913352664944,18.02791975973489,5.822371984537031,5.221415555427886,-0.5242598453703096,-0.011466617402569658,5.769946,0.16158521600817422,0.2081687796697702,0.05979999999983221,0,not_applicable,63.1832658,0,0
Pure Pursuit,9.909999999999833,-47.12255935075231,17.504081730005208,5.7763040555704155,5.267452806052567,0.5416664442958474,-0.03831158364482809,5.8304707,0.11419448106084727,0.19039533046934487,0.05720000000009051,0,not_applicable,63.783107,0,0
Pure Pursuit,10.009999999999831,-46.84645422388941,16.995441678750094,5.797192962342645,5.224137585966971,1.7269683765735522,-0.02642459393927461,5.9698898,0.0961211674700616,0.10003811357286807,0.06430000000001712,0,not_applicable,64.3829481,0,0
Pure Pursuit,10.109999999999829,-46.57143305875482,16.481042055144197,5.8637920322992985,5.168517071909775,2.365758677007017,-0.005653200676650826,6.1003679,0.09076093264826725,0.022227385518178266,0.059100000000089636,0,not_applicable,64.7828422,0,0
Pure Pursuit,10.209999999999827,-46.306133172834315,15.952612187877664,5.955025508121918,5.145252548054852,3.9300949187808243,0.001986145747066822,6.348035,0.08433610150386577,0.020707453547430532,0.05530000000009139,0,not_applicable,65.3826833,0,0
Pure Pursuit,10.309999999999825,-46.046006583359805,15.407846332999606,6.106586283630436,5.14746016706202,5.508476163695644,-0.004708931864845459,6.6574339,0.08666198376953707,0.02195509668785256,0.057299999999926854,0,not_applicable,65.9825245,0,0
Pure Pursuit,10.409999999999823,-45.780278336006894,14.845321405768761,6.319015992452553,5.151802169503748,4.126335075474463,-0.02193014962865816,6.7316495,0.09272793962255059,0.002842852455546385,0.05249999999978883,0,not_applicable,66.7823126,0,0
Pure Pursuit,10.50999999999982,-45.51060816489605,14.264366811460539,6.478144603076775,5.131850272196701,-0.33443103076774783,-0.04154859773265672,6.4447015,0.0540100742683324,0.017001098963584482,0.05530000000009139,0,not_applicable,67.3821538,0,0
Pure Pursuit,10.609999999999818,-45.248741316424166,13.67399076047377,6.448757372477875,5.090099111235363,-2.2309697247787508,-0.06825406657918381,6.2256604,0.03844956737663958,0.02556926690217054,0.052900000000022374,0,not_applicable,67.9819949,0,0
Pure Pursuit,10.709999999999816,-45.01877422845284,13.085559138618441,6.252716886609305,4.9834397555599645,-1.7279358660930466,-0.06715802292826019,6.0799233,0.07366321130911292,0.014236445081595939,0.05429999999995161,0,not_applicable,68.581836,0,0
Pure Pursuit,10.809999999999814,-44.84598395536527,12.495416112497919,6.100879153010206,4.8406906216759955,-1.090479530102062,-0.05907355331037784,5.9918312,0.10119321313568826,0.07302482214560424,0.05260000000006926,0,not_applicable,69.1816772,0,0
Pure Pursuit,10.909999999999812,-44.74373245561152,11.900729184915917,6.005056186639768,4.726428697636186,-0.9902768663976858,-0.0676134536032743,5.9060285,0.11267383514672773,0.08528366170879309,0.0548000000000215,0,not_applicable,69.7815183,0,0
Pure Pursuit,11.00999999999981,-44.70936295577207,11.307302556770141,5.918038260812801,4.625271942406873,-0.9658386081280046,-0.09697779616048442,5.8214544,0.12233278673588328,0.06515183412383951,0.05720000000009051,0,not_applicable,70.3813594,0,0
Pure Pursuit,11.109999999999808,-44.74491166642292,10.722608179525247,5.833167781440062,4.4854830273844275,-0.9507628144006208,-0.10993373670275321,5.7380915,0.14129186315498263,0.06273989517830536,0.060700000000135645,0,not_applicable,70.9812006,0,0
Pure Pursuit,11.209999999999805,-44.86050976665748,10.15707557997457,5.749622047040035,4.314291447027024,-0.9369964704003575,-0.10975441884805817,5.6559224,0.17206068757263387,0.06789452679177099,0.060699999999691556,0,not_applicable,71.5810417,0,0
Pure Pursuit,11.309999999999803,-45.061638799781925,9.624964680724645,5.667285993227096,4.14186361125134,-0.6548829322709615,-0.10115707245619257,5.6017977,0.18479067239115685,0.11629202602667643,0.05870000000030018,0,not_applicable,71.9809358,0,0
Pure Pursuit,11.409999999999801,-45.345634551659366,9.139711419463847,5.609739910551247,3.9766024658200885,-0.8815971055124727,-0.097198855386511,5.5215802,0.18582519388094376,0.1054649665576437,0.05489999999985784,0,not_applicable,72.5807769,0,0
Pure Pursuit,11.509999999999799,-45.70223352156448,8.714185037607615,5.532271927465045,3.8110342573872695,-0.8976042746504476,-0.05847892544913133,5.4425115,0.19786409494447507,0.12763026643249953,0.0556000000000445,0,not_applicable,73.180618,0,0
Pure Pursuit,11.609999999999797,-46.11683526132131,8.356585841019157,5.453397357287886,3.6754335056180474,-0.6321995728788643,-0.015212415412977564,5.3901774,0.17353336459119245,0.18608841618991523,0.05390000000016215,0,not_applicable,73.5805121,0,0
Pure Pursuit,11.709999999999795,-46.56727762862337,8.056140100747884,5.39784451403029,3.6195964285435784,-0.01900914030290579,0.0012368431847853802,5.3959436,0.11831778325481278,0.15261122334654686,0.11079999999985546,0,not_applicable,74.1803533,0,0
Pure Pursuit,11.809999999999793,-47.035620812241135,7.788061244544832,5.39617413676809,3.621844567711622,1.5759736323190943,0.006779927987693279,5.5537715,0.10497267391245226,0.09202575970785043,0.3356999999999388,0,not_applicable,74.7801944,0,0
Pure Pursuit,11.90999999999979,-47.5114837434208,7.526729896835221,5.456950222545009,3.647573248656341,2.730288774549914,0.0076095268084212,5.7299791,0.07819118550184607,0.044655658079632676,0.14609999999981582,0,not_applicable,75.1800885,0,0
Pure Pursuit,12.009999999999788,-47.99254830126281,7.257299949460208,5.562241492243237,3.6701720485464544,5.334500077567634,0.018043843069753266,6.0956915,0.029284874504683533,0.015622224059724132,0.07670000000015165,0,not_applicable,75.7799296,0,0
Pure Pursuit,12.109999999999786,-48.48287588446202,6.971926123016686,5.767961960937974,3.6884614404835707,5.865807390620255,0.04071692678318039,6.3545427,0.01779214043643294,0.02243489666291998,0.0703000000004117,0,not_applicable,76.3797707,0,0
Pure Pursuit,12.209999999999784,-48.985804955441665,6.665370927343526,5.994171845299187,3.720143107744288,3.8695145470081282,0.07731318789531091,6.3811233,0.03228680415154148,0.04744805850319356,0.08669999999977307,0,not_applicable,76.9796119,0,0
Pure Pursuit,12.309999999999782,-49.49168235353329,6.3291825285481,6.143396390178111,3.7978184163280777,1.4634960982188883,0.1043777497972256,6.289746,0.06791372542594196,0.052693913485777344,0.07869999999998711,0,not_applicable,77.579453,0,0
Pure Pursuit,12.40999999999978,-49.980075350284096,5.951860335428623,6.199834875299625,3.9222761529080796,-0.0015777529962512915,0.11221194154284997,6.1996771,0.12308316909054305,0.022726798371874413,0.07020000000013127,0,not_applicable,78.1792941,0,0
Pure Pursuit,12.509999999999778,-50.425959812856625,5.521694093472495,6.199696234483243,4.083454135472419,-0.8879813448324292,0.09428238143885882,6.1108981,0.17228077891862764,0.0449286484696767,0.062400000000018,0,not_applicable,78.7791353,0,0
Pure Pursuit,12.609999999999776,-50.805807689338934,5.0389328770275235,6.121667253475695,4.244333676708143,-0.9827685347569481,0.06073168890745854,6.0233904,0.19367762521401202,0.11893306823142957,0.07219999999996674,0,not_applicable,79.3789764,0,0
Pure Pursuit,12.709999999999773,-51.11145438376203,4.515622837681151,6.035309102170347,4.3557849820037084,-0.8509990217034691,0.035665723098148236,5.9502092,0.18244127228135212,0.1498510003122071,0.06670000000008613,0,not_applicable,79.9788175,0,0
Pure Pursuit,12.809999999999771,-51.35120119222821,3.967449946730252,5.960529843700145,4.432421087900367,-0.38424343700144803,0.01625089848695696,5.9221055,0.15001490342700682,0.1515131716384781,0.06150000000015865,0,not_applicable,80.5786587,0,0
Pure Pursuit,12.90999999999977,-51.53880823345253,3.4041905554222494,5.926765481393954,4.483804839675126,0.0010711860604661894,0.0033638727933931875,5.9268726,0.11207301315774987,0.13274164381604692,0.05720000000009051,0,not_applicable,81.1784998,0,0
Pure Pursuit,13.009999999999767,-51.69244491051126,2.8318253756201006,5.926806790775379,4.503640235381937,0.2761270922462078,0.007220524705814113,5.9544195,0.08789496883805777,0.08666894268797609,0.055599999999600414,0,not_applicable,81.7783409,0,0
Pure Pursuit,13.109999999999765,-51.825065513945056,2.2536053774854823,5.937455397769514,4.5219974051553855,0.6064820223048617,0.016546966929121408,5.9981036,0.0831382000866608,0.0429883602845873,0.08540000000012427,0,not_applicable,82.3781821,0,0
Pure Pursuit,13.209999999999763,-51.942883652187525,1.670392213957697,5.960843862305891,4.542063173688501,0.9299863769410877,0.03128809849823018,6.0538425,0.08700458304557154,0.004683031357726186,0.0602999999999021,0,not_applicable,82.9780232,0,0
Pure Pursuit,13.30999999999976,-52.048063955069885,1.0817053422689966,5.996707997756663,4.562827320192857,1.22401302243337,0.05193015429338683,6.1191093,0.09394255024971784,0.02937782481121687,0.06399999999961992,0,not_applicable,83.5778643,0,0
Pure Pursuit,13.409999999999759,-52.13930258467064,0.48646338516898197,6.043911021283146,4.599967409991358,1.4818947871685317,0.06922396683526653,6.1921005,0.10895553871495434,0.04362348245465952,0.05089999999974282,0,not_applicable,84.1777054,0,0
Pure Pursuit,13.509999999999756,-52.20444925811882,-0.11741591809003593,6.1010590362310815,4.684670471291357,1.7045986376891875,0.06247669990028182,6.2715189,0.12970196599025904,0.006959193958461896,0.053499999999928605,0,not_applicable,84.7775466,0,0
Pure Pursuit,13.609999999999754,-52.22762003247756,-0.7304979263827149,6.166795436190369,4.7731902741897105,1.8970126380963137,0.04751395100697116,6.3564967,0.14085771690984666,0.03679141771285366,0.05339999999964817,0,not_applicable,85.3773877,0,0
Pure Pursuit,13.709999999999752,-52.20635236417453,-1.3506389688576068,6.239952118795004,4.835243108419051,2.0652528120499625,0.03832400775899107,6.4464774,0.1361264449002456,0.05728460113596778,0.05370000000004538,0,not_applicable,85.9772288,0,0
Pure Pursuit,13.80999999999975,-52.143353331794565,-1.9756635341584936,6.319596840941444,4.894611763363327,2.2156855905855544,0.022889944211407002,6.5411654,0.11594095080068109,0.07825603363254086,0.05139999999981271,0,not_applicable,86.57707,0,0
Pure Pursuit,13.909999999999748,-52.0424438949777,-2.6041201911808938,6.405042875536549,4.938424803349079,2.3541982446345067,0.00806672346780316,6.6404627,0.08498877972003836,0.08680233554880701,0.0548000000000215,0,not_applicable,87.1769111,0,0
Pure Pursuit,14.009999999999746,-51.9136010957074,-3.236504753073424,6.495830533094774,4.954957383456154,2.48575066905226,0.0017854011941611971,6.7444056,0.06703804145381717,0.07117509645827624,0.05769999999971631,0,not_applicable,87.7767522,0,0
Pure Pursuit,14.109999999999744,-51.765016868210466,-3.874167234520764,6.591691398266765,4.971402707284113,2.614338017332347,-0.0021936710560846538,6.8531252,0.09476270186138028,0.05854974978120531,0.05390000000016215,0,not_applicable,88.3765934,0,0
Pure Pursuit,14.209999999999742,-51.602904692741205,-4.518704505879305,6.692511125407404,4.969697306824776,3.1339337459259564,0.003835843725949856,7.0059045,0.04771006464965972,0.02287090690745952,0.051299999999976365,0,not_applicable,89.1763815,0,0
Pure Pursuit,14.30999999999974,-51.43534571044697,-5.173379195017741,6.813368620898173,4.964925122158251,3.1339957910182648,0.015091106273385868,7.1267682,0.03064487074660237,0.003795852372811659,0.0501000000001639,0,not_applicable,89.7762227,0,0
Pure Pursuit,14.409999999999737,-51.26041286953717,-5.838624102992039,6.934228509105278,4.986173554308761,3.628524908947224,0.017170785842837204,7.297081,0.0842732315017548,0.006943862933172618,0.06489999999992335,0,not_applicable,90.5760109,0,0
Pure Pursuit,14.509999999999735,-51.07283103027556,-6.514030621945658,7.074159493093474,5.008564435707063,3.576903069065258,0.01911000443140396,7.4318498,0.032980846543929965,0.0004986682271184151,0.06660000000024979,0,not_applicable,91.175852,0,0
Pure Pursuit,14.609999999999733,-50.869228647685546,-7.199277467009637,7.212099724632334,5.0289767123053535,3.710300753676661,0.029103794204460853,7.5831298,0.07833932945041873,0.0013080072104898477,0.06500000000020378,0,not_applicable,91.9756402,0,0
Pure Pursuit,14.70999999999973,-50.64842885051519,-7.893957639232608,7.355184324678461,5.0484330094585905,2.734163753215384,0.04222286175963446,7.6286007,0.0813416056655447,0.006011495124539579,0.05589999999999762,0,not_applicable,92.5754813,0,0
Pure Pursuit,14.809999999999729,-50.4085948631557,-8.595269812484164,7.46062502964066,5.085583792449409,1.4977637035933977,0.06367609180951536,7.6104014,0.08020964278605924,0.010829881788978923,0.0653000000001569,0,not_applicable,93.3752695,0,0
Pure Pursuit,14.909999999999727,-50.140211822220174,-9.294659597801497,7.518385015884337,5.156472571248322,-0.1385111588433663,0.06541497044494507,7.5045339,0.12517312387260632,0.007104545839680121,0.059599999999715436,0,not_applicable,94.1750576,0,0
Pure Pursuit,15.009999999999724,-49.831376325766456,-9.97907405333366,7.506213718992101,5.258168329159858,-1.0914431899210086,0.054862334732032995,7.3970694,0.163353383380078,0.06183191492419393,0.08499999999989072,0,not_applicable,94.7748988,0,0
Pure Pursuit,15.109999999999722,-49.46994527938226,-10.62939413508479,7.4103060735975514,5.381029753281347,-1.5413277359755106,0.03365170604401733,7.2561733,0.15254625039090874,0.11222153117490574,0.06810000000001537,0,not_applicable,95.5746869,0,0
Pure Pursuit,15.20999999999972,-49.054138854274235,-11.23152409522801,7.274866029348045,5.48505152412805,-1.5690502934804496,0.025619356785317356,7.117961,0.15627636782147677,0.13215374260290513,0.0606000000002993,0,not_applicable,96.3744751,0,0
Pure Pursuit,15.309999999999718,-48.58965423509803,-11.779171819047189,7.136989939650488,5.566713608008741,-1.2095773965048817,0.021545509734034015,7.0160322,0.13301439034606735,0.14277072489803633,0.060599999999855214,0,not_applicable,96.9743163,0,0
Pure Pursuit,15.409999999999716,-48.08972180672124,-12.278392568354084,7.030701567436036,5.604620505052458,-1.483075674360359,0.04969396691951292,6.882394,0.12127120435512158,0.07458950801282249,0.060200000000065756,0,not_applicable,97.7741044,0,0
Pure Pursuit,15.509999999999714,-47.568076374546365,-12.736626501959751,6.900380266993334,5.6533545378983066,-1.165417669933344,0.07854360302732807,6.7838385,0.11712738482617989,0.03455147118969926,0.05759999999987997,0,not_applicable,98.3739456,0,0
Pure Pursuit,15.609999999999712,-47.02493440665343,-13.150840906478134,6.797972312409277,5.758106155537656,-1.112780124092767,0.10008367157805254,6.6866943,0.17444216082511713,0.041816694846009916,0.0581999999997862,0,not_applicable,98.9737867,0,0
Pure Pursuit,15.70999999999971,-46.4521793017838,-13.50406070340582,6.700189741104475,5.916363313153339,-1.40860541104475,0.10195128021173422,6.5593292,0.1924545522093772,0.05546467695770296,0.05469999999974107,0,not_applicable,99.7735749,0,0
Pure Pursuit,15.809999999999707,-45.846445445056496,-13.768931062490749,6.576412315480424,6.117385689449035,-1.1101241548042395,0.07468044318009065,6.4653999,0.2134230133347793,0.13958074660033315,0.053999999999998494,0,not_applicable,100.373416,0,0
Pure Pursuit,15.909999999999705,-45.21494083671218,-13.924366669225664,6.478863130359214,6.2994740374856395,-1.0604743035921338,0.03783331024972439,6.3728157,0.20928923624252163,0.2062524258545233,0.0577000000001604,0,not_applicable,100.9732571,0,0
Pure Pursuit,16.009999999999703,-44.57568032597388,-13.972969278570336,6.385676792858398,6.419330368612856,-1.041193928583981,0.008424935168311883,6.2815574,0.17572586818172628,0.21949768603298736,0.06609999999973581,0,not_applicable,101.5730983,0,0
Pure Pursuit,16.10999999999972,-43.94444863682336,-13.937983080188726,6.294184666642632,6.483942127240842,-1.025788666426326,0.003383864220627756,6.1916058,0.1293309146478179,0.18657190318014027,0.06649999999996936,0,not_applicable,102.1729394,0,0
Pure Pursuit,16.209999999999734,-43.32741248294858,-13.84963640031478,6.204046236554957,6.511387474691602,-1.011039365549573,0.014071446225065072,6.1029423,0.09517198859562351,0.12438831802334871,0.0708000000000375,0,not_applicable,102.7727805,0,0
Pure Pursuit,16.30999999999975,-42.724784308649795,-13.729571529537777,6.1152038617557,6.534891745607226,-0.9954676175569954,0.030534500738086338,6.0156571,0.0840104666555137,0.0653397701816214,0.05710000000025417,0,not_applicable,103.3726217,0,0
Pure Pursuit,16.409999999999766,-42.13559444280039,-13.589114318127008,6.027729812581117,6.559226884025254,-0.6085221258111684,0.052554653357731435,5.9668776,0.08590626854559627,0.013618036694497349,0.060100000000229414,0,not_applicable,103.9724628,0,0
Pure Pursuit,16.50999999999978,-41.55771111235335,-13.430737287788501,5.974257561532248,6.599908366256594,-0.12037261532247712,0.07131119778950502,5.9622203,0.09716067267885684,0.015688744181131753,0.05659999999974019,0,not_applicable,104.5723039,0,0
Pure Pursuit,16.609999999999797,-40.991101800171926,-13.243916348007712,5.963680140543073,6.688769064320123,0.2685925945692702,0.06642390217388817,5.9905394,0.1174750973879941,0.008919777471931845,0.05699999999997374,0,not_applicable,105.172145,0,0
Pure Pursuit,16.709999999999813,-40.441125476494214,-13.012404515606912,5.974038186027987,6.802460043391969,0.6988161397201331,0.04294340459061594,6.0439198,0.131318085261681,0.06381984236441607,0.05600000000027805,0,not_applicable,105.7719862,0,0
Pure Pursuit,16.809999999999828,-39.91365329109354,-12.72927750721461,6.000987437448791,6.892799744943586,1.1590276255120902,0.0205457054391167,6.1168902,0.12536613756424986,0.10062047927027695,0.056300000000231165,0,not_applicable,106.3718273,0,0
Pure Pursuit,16.909999999999844,-39.40758816567318,-12.402494619666271,6.045684354288882,6.938314740915854,1.6006414571111804,0.011312518508306292,6.2057485,0.10356049796654587,0.09769315904231313,0.05730000000037094,0,not_applicable,106.9716684,0,0
Pure Pursuit,17.00999999999986,-38.914750198772126,-12.046675447480329,6.107411733796069,6.954097974010003,2.006586662039309,0.012920533879316284,6.3080704,0.08148655429976522,0.0700160423845384,0.06940000000010826,0,not_applicable,107.5715096,0,0
Pure Pursuit,17.109999999999875,-38.427759064444345,-11.67124754273277,6.184794045650784,6.970216460117198,2.375107543492163,0.014268439036660556,6.4223048,0.07290520214614345,0.04756558773503183,0.06470000000025067,0,not_applicable,108.1713507,0,0
Pure Pursuit,17.20999999999989,-37.942755371206005,-11.279562581005013,6.276388052576059,6.988772413037926,2.7117674742394104,0.015331931422809076,6.5475648,0.08395127619058228,0.03237565619724592,0.06550000000027367,0,not_applicable,108.7711918,0,0
Pure Pursuit,17.309999999999906,-37.4581718026421,-10.87186498359214,6.380965064044778,7.008214600104862,3.501633359552221,0.01655742534007894,6.7311284,0.09931855278272098,0.014248049279844466,0.060200000000065756,0,not_applicable,109.57098,0,0
Pure Pursuit,17.409999999999922,-36.97249358448604,-10.446858235649092,6.516002583109296,7.027321256338676,3.652934168907036,0.017837030671572912,6.881296,0.05973942635038524,0.01070640756654928,0.05499999999969418,0,not_applicable,110.1708211,0,0
Pure Pursuit,17.509999999999938,-36.484736097476414,-10.003423056853073,6.65687488949442,7.046239656005438,3.8573481050558023,0.014042275926227228,7.0426097,0.039146462188567537,0.011697034794392991,0.060700000000135645,0,not_applicable,110.7706623,0,0
Pure Pursuit,17.609999999999953,-35.99477874677997,-9.541007258827223,6.805630245863759,7.065127544009616,4.100783541362407,0.010936609231806562,7.2157086,0.09251656590497102,0.01736695102834851,0.1281999999998007,0,not_applicable,111.3705034,0,0
Pure Pursuit,17.70999999999997,-35.50245574373008,-9.058857976608117,6.963773483257692,7.083874928300066,5.02581916742308,0.0031451343919312665,7.4663554,0.04614317570320189,0.025809392046157065,0.07220000000041082,0,not_applicable,112.1702916,0,0
Pure Pursuit,17.809999999999985,-35.00655984036116,-8.555169354199844,7.157589934595846,7.101812513025887,5.130535654041539,-0.013497233467999225,7.6706435,0.08318034556006063,0.04150657719619488,0.06299999999992423,0,not_applicable,112.7701327,0,0
Pure Pursuit,17.91,-34.50424031056101,-8.030389888966159,7.355444688379211,7.099332599113318,5.618871116207895,-0.02532297455640141,7.9173318,0.006003033619534034,0.04336009050860756,0.06600000000034356,0,not_applicable,113.5699209,0,0
Pure Pursuit,18.010000000000016,-33.98714594030792,-7.490957464641486,7.5721316848650515,7.073513794173378,4.278683151349485,-0.035376486134245946,8.0,0.05473181011077132,0.030251897034841768,0.06580000000022679,0,not_applicable,114.3697091,0,0
Pure Pursuit,18.11000000000003,-33.448654031608115,-6.946033996736199,7.737135469754533,7.03352111881462,2.6286453024546663,-0.039148777671086675,8.0,0.10057209200943774,0.011364337987348705,0.058500000000183405,0,not_applicable,115.1694972,0,0
Pure Pursuit,18.210000000000047,-32.88231214590575,-6.410968566857039,7.838506945204913,6.963895604650444,1.614930547950868,-0.029064617064688766,8.0,0.12332765250472641,0.03690846173200857,0.05469999999974107,0,not_applicable,115.7693384,0,0
Pure Pursuit,18.310000000000063,-32.28474099616648,-5.898627731481917,7.900785371374772,6.908453359391061,0.9921462862522823,-0.025871699164491963,8.0,0.11876669844004656,0.056497059547441,0.05060000000023379,0,not_applicable,116.5691265,0,0
Pure Pursuit,18.41000000000008,-31.661258249103238,-5.410075586855527,7.939046650979931,6.887115702149272,0.6095334902006933,-0.0426728101388952,8.0,0.11666624044759052,0.03350996039312282,0.052399999999952485,0,not_applicable,117.3689147,0,0
Pure Pursuit,18.510000000000094,-31.018055153527968,-4.942618728574105,7.962552792786269,6.850366512186249,0.3744720721373085,-0.059286866059144974,8.0,0.1255723698683322,0.017415223825463677,0.05640000000006751,0,not_applicable,118.1687029,0,0
Pure Pursuit,18.61000000000011,-30.35341817546987,-4.502863061105367,7.976993990475464,6.7755063856754525,0.23006009524536353,-0.06479655729164281,8.0,0.14633703792876948,0.030787284383172242,0.057299999999926854,0,not_applicable,118.9684911,0,0
Pure Pursuit,18.710000000000125,-29.66198525572374,-4.104481740901561,7.985866062822197,6.672654541295751,0.1413393717780309,-0.06138457184192603,8.0,0.17198116762348128,0.06327648193040591,0.0560999999996703,0,not_applicable,119.7682792,0,0
Pure Pursuit,18.81000000000014,-28.93902091770957,-3.765195938778213,7.991316695755818,6.562913925774381,0.08683304244182288,-0.06953802144373757,8.0,0.1913866380106353,0.09408290752726689,0.06739999999982871,0,not_applicable,120.5680674,0,0
Pure Pursuit,18.910000000000156,-28.187363301520737,-3.4942817098962706,7.994665338352045,6.4621279286906805,0.05334661647954597,-0.061403571549114654,8.0,0.2026393938570819,0.11088409096329599,0.08199999999991547,0,not_applicable,121.3678556,0,0
Pure Pursuit,19.010000000000172,-27.41219809577672,-3.2995268759194625,7.996722605347243,6.357877957578248,0.03277394652757337,-0.04235885236234392,8.0,0.2000240749495905,0.13560301513126927,0.0682000000002958,0,not_applicable,122.1676438,0,0
Pure Pursuit,19.110000000000188,-26.621831869093313,-3.179247526422378,7.997986504783476,6.282814951675309,0.020134952165236086,-0.029680293671935646,8.0,0.1825249706887965,0.13745424346956803,0.08030000000003312,0,not_applicable,122.9674319,0,0
Pure Pursuit,19.210000000000203,-25.82400048208396,-3.1251465196857104,7.998762992127436,6.229613510145118,0.012370078725636446,-0.02157889086436141,8.0,0.15519360567435989,0.12321525922237608,0.06220000000034531,0,not_applicable,123.7672201,0,0
Pure Pursuit,19.31000000000022,-25.024199296609225,-3.120362781052776,7.999240033716381,6.210269942300794,0.007599662836188514,-0.029686050132780663,8.0,0.13096313099838697,0.08049204790852205,0.06489999999992335,0,not_applicable,124.5670083,0,0
Pure Pursuit,19.410000000000235,-24.224819649633567,-3.149202506617097,7.999533108264671,6.192707162192794,0.004668917353294333,-0.04191948261662665,8.0,0.12028690498965211,0.04107738444843978,0.06629999999985259,0,not_applicable,125.3667965,0,0
Pure Pursuit,19.51000000000025,-23.426820336878894,-3.204584042131051,7.999713161100409,6.153159091127469,0.002868388995906912,-0.04715014924679961,8.0,0.12482342398975509,0.028516015410847473,0.05419999999967118,0,not_applicable,126.1665847,0,0
Pure Pursuit,19.610000000000266,-22.632027745166887,-3.2947283920444805,7.999823778087954,6.075484061593524,0.0017622191204580417,-0.032273486243734266,8.0,0.13358679249737976,0.05878299704391665,0.05720000000009051,0,not_applicable,126.9663728,0,0
Pure Pursuit,19.71000000000028,-21.844028929185075,-3.4318531418597646,7.999891736572936,5.993526495932371,0.0010826342706415915,-0.008436095433522741,8.0,0.1324766419654359,0.09793425957810431,0.05429999999995161,0,not_applicable,127.766161,0,0
Pure Pursuit,19.810000000000297,-21.067014243221216,-3.6216309913527236,7.9999334874448715,5.9326209944814465,0.0006651255512846177,0.015245766549191594,8.0,0.11455197639467542,0.12056511461769492,0.05319999999997549,0,not_applicable,128.5659492,0,0
Pure Pursuit,19.910000000000313,-20.3011045974489,-3.8524893497280344,7.999959137447338,5.9325159180276295,0.00040862552661558027,0.015303394432979348,8.0,0.09158347955632137,0.08693217437386824,0.05370000000004538,0,not_applicable,129.3657374,0,0
Pure Pursuit,20.01000000000033,-19.54041766951245,-4.100173281775534,7.999974895744017,5.968736072994368,0.0002510425598334365,-0.004190930672378827,8.0,0.08140250708277333,0.021559389766155235,0.061200000000205534,0,not_applicable,130.1655255,0,0
Pure Pursuit,20.110000000000344,-18.779392956160432,-4.346825837057063,7.9999845769873055,5.980999628232549,0.00015423012694526506,-0.018184342622006713,8.0,0.08028931131697137,0.015250416032518643,0.06199999999978445,0,not_applicable,130.9653137,0,0
Pure Pursuit,20.21000000000036,-18.01837587382838,-4.59350233112632,7.999990524741274,5.955716586504033,9.475258726077129e-05,-0.017705553557565354,8.0,0.08192589398066379,0.009878163348920665,0.055599999999600414,0,not_applicable,131.7651019,0,0
Pure Pursuit,20.310000000000375,-17.260257920131895,-4.848924419401578,7.999994178794395,5.925478706507553,5.8212056046613725e-05,-0.014340422171840124,8.0,0.08674496392402983,0.005122109445989231,0.059100000000089636,0,not_applicable,132.5648901,0,0
Pure Pursuit,20.41000000000039,-16.50747282217941,-5.119638192974426,7.999996423692938,5.897327793232952,3.57630706204759e-05,-0.007390985877764941,8.0,0.09101931686126642,0.022750103297112467,0.0610999999999251,0,not_applicable,133.3646782,0,0
Pure Pursuit,20.510000000000407,-15.761398202727612,-5.408323530499841,7.999997802865408,5.871035770683899,2.197134591597205e-05,0.006001815319213907,8.0,0.08985788638045909,0.043277100802008306,0.057899999999833085,0,not_applicable,134.1644664,0,0
Pure Pursuit,20.610000000000422,-15.021684243125732,-5.712973319020149,7.99999865017172,5.868484049729483,1.3498282802615336e-05,0.015324019125470073,8.0,0.08383340432257531,0.04486335158179422,0.05659999999974019,0,not_applicable,134.9642546,0,0
Pure Pursuit,20.710000000000438,-14.28383205417289,-6.022122501252274,7.999999170721541,5.898255269636007,8.292784592356384e-06,0.01276117838054665,8.0,0.080744518363644,0.018964582870284907,0.05639999999962342,0,not_applicable,135.7640428,0,0
Pure Pursuit,20.810000000000453,-13.542800971244423,-6.323548249583794,7.9999994905257426,5.929920822921009,5.094742574485167e-06,0.010244818471295396,8.0,0.08290263651327809,0.003957539620360606,0.06249999999985434,0,not_applicable,136.5638309,0,0
Pure Pursuit,20.91000000000047,-12.795788863602736,-6.609807419350382,7.999999687000167,5.9583493681838595,3.1299983316301905e-06,0.00880077570527365,8.0,0.08620350728421795,0.01874571471517328,0.05769999999971631,0,not_applicable,137.3636191,0,0
Pure Pursuit,21.010000000000485,-12.042072455819135,-6.877908364692936,7.999999807705897,5.984625370218487,1.922941033072334e-06,0.008215598249414728,8.0,0.08803302267225896,0.026471599856644268,0.05640000000006751,0,not_applicable,138.1634073,0,0
Pure Pursuit,21.1100000000005,-11.281840826071734,-7.126933468849503,7.999999881862486,6.010037422854219,1.1813751399358807e-06,0.009062166908149375,8.0,0.08868973921711187,0.028444952722820105,0.052500000000232916,0,not_applicable,138.9631955,0,0
Pure Pursuit,21.210000000000516,-10.515550655506473,-7.356640062283092,7.999999927421215,6.035210402511154,7.257878475996904e-07,0.012525346764988487,8.0,0.08951046225234258,0.025324316524785395,0.07169999999989685,0,not_applicable,139.7629836,0,0
Pure Pursuit,21.31000000000053,-9.743705559280667,-7.566928137910165,7.9999999554106065,6.060351082513388,4.458939351081881e-07,0.02006005060551061,8.0,0.0921357513711694,0.017340714112244804,0.058399999999902974,0,not_applicable,140.5627718,0,0
Pure Pursuit,21.410000000000547,-8.966807135380005,-7.757702510972616,7.999999972606128,6.085502838438729,2.7393872059633395e-07,0.03357324403637462,8.0,0.09916576562355833,0.004509743985756209,0.06040000000018253,0,not_applicable,141.36256,0,0
Pure Pursuit,21.510000000000563,-8.184918256901858,-7.926781067001493,7.999999983170342,6.128804327724192,1.682965766747202e-07,0.04562717609589869,8.0,0.11409660878676754,0.0036393622837502804,0.05340000000009226,0,not_applicable,142.1623482,0,0
Pure Pursuit,21.61000000000058,-7.396588226774146,-8.062406692261312,7.999999989660557,6.207746525310627,1.0339443079487864e-07,0.04555319463761555,8.0,0.13521596646068637,0.0291658384627258,0.05339999999964817,0,not_applicable,142.9621363,0,0
Pure Pursuit,21.710000000000594,-6.601652729632872,-8.150972060975777,7.999999993647875,6.289984273358893,6.352125048181279e-08,0.04742003500323705,8.0,0.15760940853725164,0.04840211292771368,0.053000000000302805,0,not_applicable,143.7619245,0,0
Pure Pursuit,21.81000000000061,-5.802498133421533,-8.183647363728815,7.999999996097518,6.369036532394877,3.902481893192089e-08,0.05403416349813009,8.0,0.16904700860527033,0.07389126715442096,0.05500000000013827,0,not_applicable,144.3617656,0,0
Pure Pursuit,21.910000000000625,-5.003134482457713,-8.156882407537424,7.999999997602477,6.4457898757982885,2.3975230689643467e-08,0.06635328565230256,8.0,0.18131400269199524,0.07051285547480823,0.052900000000022374,0,not_applicable,145.1615538,0,0
Pure Pursuit,22.01000000000064,-4.208445779829141,-8.067041427494805,7.999999998527062,6.544491079956469,-1.5134189852706204,0.07386229817653292,7.8486581,0.1989076056621077,0.07858817008405783,0.0694999999999446,0,not_applicable,145.961342,0,0
Pure Pursuit,22.110000000000657,-3.4349556793371407,-7.902554759014604,7.86701236095408,6.69990484628004,-1.6785196095407962,0.07247636613925013,7.6991604,0.21439933508041883,0.13211311670156878,0.05469999999974107,0,not_applicable,146.7611302,0,0
Pure Pursuit,22.210000000000672,-2.7020132960425114,-7.64679959740836,7.719516948470643,6.876687587515047,-1.6700664847064317,0.03865384307141162,7.5525103,0.21683801687343204,0.19475065616116893,0.0526999999999056,0,not_applicable,147.5609183,0,0
Pure Pursuit,22.310000000000688,-2.0280324240928618,-7.2923308904128605,7.572764331678798,7.032163505841281,-1.641108316787978,0.012812223273445087,7.4086535,0.2079096384036235,0.2225420479735476,0.05279999999974194,0,not_applicable,148.3607065,0,0
Pure Pursuit,22.410000000000704,-1.4234297932496027,-6.853307354440792,7.428556336288823,7.129277052992505,-1.2599433628882295,0.015664952273055546,7.302562,0.16328965040068927,0.2140183012849377,0.0708000000000375,0,not_applicable,148.9605476,0,0
Pure Pursuit,22.51000000000072,-0.8814900669980508,-6.356434903667306,7.317842189752395,7.1702801421404825,-1.5437608975239492,0.05250045115676288,7.1634661,0.13452695741201515,0.10571506431739053,0.11630000000018015,0,not_applicable,149.7603358,0,0
Pure Pursuit,22.610000000000735,-0.3906304690497854,-5.826101290290888,7.182188337952363,7.220298973641113,-1.2130273795236324,0.08383954090867093,7.0608856,0.15901070903782133,0.04989109051809315,0.06199999999978445,0,not_applicable,150.360177,0,0
Pure Pursuit,22.71000000000075,0.04969950465332369,-5.267956409714295,7.075596807725625,7.327545073477353,-1.4920370772562475,0.10297840238479207,6.9263931,0.18200610903452183,0.028210217485608702,0.0560999999996703,0,not_applicable,151.1599651,0,0
Pure Pursuit,22.810000000000766,0.42261528064566806,-4.6774380246723455,6.944488048018792,7.495685840419096,-1.1728054801879217,0.06872942161684503,6.8272075,0.22114655257410387,0.10770790755813309,0.05610000000011439,0,not_applicable,151.7598063,0,0
Pure Pursuit,22.91000000000078,0.7024826837037678,-4.050105036579685,6.8414309094069425,7.682346359190417,-1.4426490940694237,0.02493596230843745,6.697166,0.23829629274591732,0.18573899721075815,0.05439999999978795,0,not_applicable,152.5595944,0,0
Pure Pursuit,23.010000000000797,0.880969190043624,-3.398922759799272,6.714661986369554,7.799690758887476,-1.1339908636955354,-0.00892205719962854,6.6012629,0.18328011731398783,0.22817455706967849,0.05049999999995336,0,not_applicable,153.1594356,0,0
Pure Pursuit,23.110000000000813,0.9821154943801205,-2.7419969530739468,6.615015578164064,7.815740480011567,-1.0842597816406396,-0.007142200107250585,6.5065896,0.11919688177312263,0.1745264002144422,0.0581999999997862,0,not_applicable,153.7592767,0,0
Pure Pursuit,23.21000000000083,1.0455251247611155,-2.0899048586391986,6.519739155521591,7.78742252230667,-0.9095435552159081,0.01970827235802413,6.4287848,0.09429252006741196,0.08143417631842276,0.055099999999974614,0,not_applicable,154.3591178,0,0
Pure Pursuit,23.310000000000844,1.0982675524714942,-1.4453803683039432,6.439815453060394,7.77785531532315,-0.4987535306039437,0.048017904013046446,6.3899401,0.10253108646930033,0.007207765426538337,0.07679999999998799,0,not_applicable,155.158906,0,0
Pure Pursuit,23.41000000000086,1.142619478334237,-0.8058513101791349,6.395988823150407,7.816851175531356,0.02325676849592284,0.06246702192962077,6.3983145,0.0813458525111047,0.022230743001585118,0.07199999999984996,0,not_applicable,155.7587471,0,0
